tick,t,ms_per_tick,fauna_n,flora_n,capacity,free_slots,flora_mass,flora_mass_mean,struct_mean,struct_std,uptake_mean,uptake_std,cells_occupied,per_cell_max,per_cell_mean,shared_cell_frac,struct_temp_corr,uptake_nutr_corr,uptake_mass_corr,flora_band0,struct_band0,flora_band1,struct_band1,flora_band2,struct_band2,flora_band3,struct_band3,flora_band4,struct_band4,flora_band5,struct_band5,flora_band6,struct_band6,flora_band7,struct_band7,nutr_free,nutr_in_flora,nutr_in_detritus,nutr_total,nutr_added,nutr_lost,nutr_unaccounted,detritus_mass,detritus_cells,detritus_struct,fauna_mass,label
0,0.0,0.0353,12,128,256,116,0.045513171891798265,0.00035557165540467395,0.5761594178620726,0.14363133703693706,0.6452383771538734,0.18295928674279385,128,1,1.0,0.0,0.17063976743223772,0.0,0.04007453709194643,18,0.5430584284994338,12,0.6191241790850958,12,0.5958614697058996,20,0.540527880191803,12,0.5848491688569387,16,0.5718473792076111,24,0.5905797816812992,14,0.5886646807193756,0.0,0.0007060730424039477,0.0,0.0007060730424039477,0.0,0.0,0.0007060730424039477,0.0,0,0.0,7.300537331031203,bas1
500,10.0,2.8153,12,129,256,115,0.045542301533714635,0.0003530410971605786,0.5763827130313992,0.1430958454137114,0.6467002584028614,0.18299770447215455,129,1,1.0,0.0,0.1647741921762636,0.14916902316126793,0.007851418627900607,18,0.5430584284994338,12,0.6191241790850958,12,0.5958614697058996,20,0.540527880191803,12,0.5848491688569387,16,0.5718473792076111,24,0.5905797816812992,15,0.5897513349850972,3.230611321272577e-05,0.0007064859454413229,6.396277100594213e-09,0.0007387984549311492,3.276799999999991e-05,3.3362812418043766e-11,0.0007060304882939618,3.1830326179260737e-06,4,0.9996945261955261,7.992682720651606,bas1
1000,20.0,2.7713,12,129,256,115,0.04558019086107379,0.000353334812876541,0.5763827130313992,0.1430958454137114,0.6467002584028614,0.18299770447215455,129,1,1.0,0.0,0.15542172410068109,0.1552560164098842,0.005231409818019559,18,0.5430584284994338,12,0.6191241790850958,12,0.5958614697058996,20,0.540527880191803,12,0.5848491688569387,16,0.5718473792076111,24,0.5905797816812992,15,0.5897513349850972,6.423359353122358e-05,0.0007068596093544996,2.6500815933474702e-08,0.0007711197037016566,6.553600000000026e-05,2.366715273181987e-10,0.0007055839403731837,1.2693275323272246e-05,12,0.9977006912231445,8.417747823460827,bas1
1500,30.0,2.7533,12,129,256,115,0.04525922963875928,0.00035084674138573084,0.5741904190806455,0.1426698729980635,0.6471932507300562,0.18310560530537834,129,1,1.0,0.0,0.1370832725886214,0.16907582821643102,-0.00726104609217469,18,0.5430584284994338,12,0.6191241790850958,12,0.5958614697058996,20,0.540527880191803,13,0.5753720311018137,16,0.5718473792076111,23,0.5838896722897239,15,0.5897513349850972,9.688466119174756e-05,0.0007036597630525323,2.662620929699033e-06,0.0008032070451739789,9.830400000000354e-05,1.1611136058223468e-07,0.0007050191565345576,0.00034813860946769637,22,0.9900960326194763,8.694514272015864,bas1
2000,40.0,2.7448,12,129,256,115,0.0453480313772161,0.0003515351269551636,0.5741904190806455,0.1426698729980635,0.6471932507300562,0.18310560530537834,129,1,1.0,0.0,0.12740219061717584,0.1669378691237565,-0.008851744942633417,18,0.5430584284994338,12,0.6191241790850958,12,0.5958614697058996,20,0.540527880191803,13,0.5753720311018137,16,0.5718473792076111,23,0.5838896722897239,15,0.5897513349850972,0.00012924420818422727,0.0007048628075574379,1.4974511495602674e-06,0.0008356044668912254,0.00013107200000000494,2.348806660174674e-07,0.000704767347557238,0.00029363056211195726,30,0.9956651329994202,8.857344908974692,bas1
2500,50.0,2.7287,12,130,256,114,0.04546485565515468,0.00034972965888580525,0.5743948498597512,0.14213904904372732,0.647318984911992,0.1824055837097712,130,1,1.0,0.0,0.11642527615057048,0.15967017210624856,-0.012029192537578516,18,0.5430584284994338,12,0.6191241790850958,12,0.5958614697058996,20,0.540527880191803,13,0.5753720311018137,16,0.5718473792076111,23,0.5838896722897239,16,0.5904397778213024,0.0001607903176102768,0.0007065139191409903,9.339897103533233e-07,0.0008682382264616204,0.00016384000000000144,2.9281067538446243e-07,0.0007046910371370035,0.0002564567535614515,35,0.9980567693710327,8.990433197865187,bas1
3000,60.0,2.7148,12,133,256,111,0.04559869858348975,0.0003428473577705996,0.5751541003696901,0.1406460622873137,0.6504902427357838,0.18204184566571804,132,2,1.0075757575757576,0.015037593984962405,0.10980899142013933,0.1437194831039276,-0.06587066123294236,18,0.5430584284994338,12,0.6191241790850958,12,0.5958614697058996,20,0.540527880191803,15,0.5802156567573548,16,0.5718473792076111,23,0.5838896722897239,17,0.5910472273826599,0.00019179743899670957,0.0007083559575528887,6.598812129875073e-07,0.0009008132777625858,0.00019660799999999794,3.222607813422701e-07,0.0007045275385439301,0.00023154804105729454,42,0.9979292750358582,9.095066204715298,bas1
3500,70.0,2.7202,13,136,256,107,0.04574649891583249,0.00033637131555759185,0.5727854377644903,0.14071755080708967,0.6522808333530146,0.1810324906866077,135,2,1.0074074074074073,0.014705882352941176,0.09922225795496062,0.1344735882544788,-0.08969463852358055,18,0.5430584284994338,13,0.6019622202102954,12,0.5958614697058996,20,0.540527880191803,16,0.5690984893590212,16,0.5718473792076111,23,0.5838896722897239,18,0.5918204089005789,0.00022238242957654976,0.0007103064782681956,5.205245350876917e-07,0.0009332094323798331,0.00022937599999999444,3.3851775048269896e-07,0.0007041719501303213,0.0002137600668277173,51,0.9980589747428894,9.337833464456434,bas1
4000,80.0,2.7293,13,137,256,106,0.0459281996700156,0.0003352423333577781,0.5729535537479568,0.14021674968450154,0.6505648193568209,0.18147734069878999,136,2,1.0073529411764706,0.014598540145985401,0.10344111875780598,0.13802928917476565,-0.06108712771597401,18,0.5430584284994338,13,0.6019622202102954,12,0.5958614697058996,21,0.5431607110159737,16,0.5690984893590212,16,0.5718473792076111,23,0.5838896722897239,18,0.5918204089005789,0.00025264354325951733,0.0007128260269721293,4.307617841485458e-07,0.0009659003320157953,0.0002621439999999984,3.485111353859556e-07,0.0007041048431511829,0.00019385423726703266,55,0.9990275502204895,9.415471833735229,bas1
4500,90.0,2.735,13,138,256,105,0.046130201928463066,0.0003342768255685729,0.5731192332678947,0.13972125247623668,0.648873675128688,0.181898841547504,137,2,1.0072992700729928,0.014492753623188406,0.1110597482704584,0.14415796902561945,-0.034745753676961894,18,0.5430584284994338,13,0.6019622202102954,12,0.5958614697058996,22,0.5455541935834017,16,0.5690984893590212,16,0.5718473792076111,23,0.5838896722897239,18,0.5918204089005789,0.0002826041002928078,0.0007155837700266066,3.7079004588018656e-07,0.0009985586603652946,0.00029491200000000844,3.5522749485881687e-07,0.0007040018878601451,0.00017542334899189882,58,0.9995033740997314,9.482909352177685,bas1
5000,100.0,2.7487,13,141,256,102,0.046311053083627485,0.00032844718499026583,0.5702828031482426,0.14017023881652196,0.6518684841216879,0.1813449385893041,140,2,1.0071428571428571,0.014184397163120567,0.13822274672914314,0.1374429658905216,-0.07723226436009688,19,0.5442350569524264,13,0.6019622202102954,12,0.5958614697058996,23,0.538868828960087,16,0.5690984893590212,16,0.5718473792076111,23,0.5838896722897239,19,0.579735959831037,0.0003123579461654488,0.0007179601098346535,6.156840345280583e-07,0.0010309337400346303,0.0003276800000000185,3.846222399916168e-07,0.0007036383622746035,0.00019073034567895775,63,0.9955129027366638,9.541623452377607,bas1
5500,110.0,2.7595,13,143,256,100,0.04655602115599322,0.00032556658151044213,0.5706991196929158,0.13929070096707488,0.6536586180433527,0.18078638339026326,142,2,1.0070422535211268,0.013986013986013986,0.1491633127816294,0.1347089692019168,-0.09990220689059022,20,0.5452940225601196,13,0.6019622202102954,12,0.5958614697058996,23,0.538868828960087,17,0.572956490166047,16,0.5718473792076111,23,0.5838896722897239,19,0.579735959831037,0.00034166265790442046,0.0007212801269397317,4.5459044733201725e-07,0.001063397375291484,0.00036044800000002854,4.021391557425945e-07,0.0007033515144471981,0.00017308340905231034,68,0.9975267052650452,9.59276623467102,bas1
6000,120.0,2.7593,13,145,256,98,0.046345963564817794,0.0003196273349297779,0.5692440497464147,0.1403719297825959,0.6512339649529293,0.1809541202426226,144,2,1.0069444444444444,0.013793103448275862,0.15320213680944467,0.10547095183288335,-0.018614849434016596,21,0.5387952171620869,14,0.615344449877739,12,0.5958614697058996,23,0.538868828960087,17,0.572956490166047,15,0.5641153494517008,24,0.577065451691548,19,0.579735959831037,0.00037255515108062967,0.0007194162419725605,3.9837444061310445e-06,0.0010959551374593213,0.0003932160000000386,6.173148230532616e-07,0.000703356452282336,0.0005514603905254489,70,0.9953372478485107,9.637268208721975,bas1
6500,130.0,2.7635,13,146,256,97,0.0466291615521186,0.00031937781885012744,0.5680575748420742,0.14061805591522403,0.6508499514566709,0.1803926261991703,145,2,1.006896551724138,0.0136986301369863,0.14517046853471352,0.10510808970068371,-0.013870433214590165,21,0.5387952171620869,15,0.6007227341334025,12,0.5958614697058996,23,0.538868828960087,17,0.572956490166047,15,0.5641153494517008,24,0.577065451691548,19,0.579735959831037,0.00040284394938245205,0.0007233832305474569,2.2433998222650565e-06,0.001128470579752174,0.00042598400000004865,7.920327930278537e-07,0.0007032786125451532,0.0004551983748655175,72,0.9974436163902283,9.673758926236093,bas1
7000,140.0,2.7716,13,144,256,99,0.04621480146670365,0.0003209361212965531,0.565763339607252,0.14022579495443713,0.6528423157417111,0.18073808618915804,143,2,1.006993006993007,0.013888888888888888,0.13273188702901637,0.07477236221648707,-0.00866586188422305,21,0.5387952171620869,15,0.6007227341334025,11,0.583948785608465,23,0.538868828960087,17,0.572956490166047,15,0.5641153494517008,23,0.5699994266033173,19,0.579735959831037,0.0004340199009047832,0.000720206432345294,6.61444423184799e-06,0.0011608407774819252,0.0004587520000000587,1.0807726456571223e-06,0.0007031695501275236,0.0010063755436391375,77,0.9931169152259827,9.701401962612335,bas1
7500,150.0,2.7779,13,144,256,99,0.04621563996261102,0.00032094194418479875,0.5668508066899247,0.1396103141162343,0.6540833606074253,0.18066527693682652,142,2,1.0140845070422535,0.027777777777777776,0.12531726886013753,0.04986564839835447,-0.01666469265658391,21,0.5462521343004136,15,0.6007227341334025,11,0.583948785608465,23,0.538868828960087,17,0.572956490166047,15,0.5641153494517008,23,0.5699994266033173,19,0.579735959831037,0.0004659798136554274,0.0007183530410621628,8.810994135506802e-06,0.001193143848853097,0.0004915200000000661,1.4682181481994254e-06,0.0007030920670012303,0.0010986207868199926,80,0.9893304705619812,9.725361164881642,bas1
8000,160.0,2.7849,13,146,256,97,0.04652577873275732,0.00031866971734765284,0.5658737745595305,0.13932596652138535,0.6563472059899813,0.18055690866013083,144,2,1.0138888888888888,0.0273972602739726,0.12812216093509307,-0.02728149490581189,-0.044981190808414596,21,0.5462521343004136,15,0.6007227341334025,11,0.583948785608465,24,0.5331801685194174,18,0.5738319042656157,15,0.5641153494517008,23,0.5699994266033173,19,0.579735959831037,0.0004978537243612443,0.0007227868693387797,4.842975046300483e-06,0.0012254835687463244,0.000524288000000049,1.8656479296556707e-06,0.000703061216675931,0.0008912714179345471,81,0.9931502938270569,9.746016505742755,bas1
8500,170.0,2.7915,13,149,256,94,0.046841696526826127,0.00031437380219346395,0.5639905947566832,0.13915132873545924,0.6594174658292092,0.1805981789407569,146,3,1.0205479452054795,0.03355704697986577,0.1323979391489318,-0.02954060617779658,-0.08018501987304644,21,0.5462521343004136,15,0.6007227341334025,11,0.583948785608465,25,0.5275245940685273,18,0.5738319042656157,16,0.5553875342011452,23,0.5699994266033173,20,0.5807874828577042,0.0005276989175147017,0.0007272101648010644,2.9269838484779895e-06,0.0012578360661642442,0.000557056000000032,2.057936978041263e-06,0.0007028380031422535,0.0007553816332475094,82,0.9958773255348206,9.763676942613689,bas1
9000,180.0,2.7965,13,148,256,95,0.04680649620786426,0.0003162601095125963,0.5637926735185288,0.13959973941178336,0.6576650692401705,0.17994031073163144,145,3,1.0206896551724138,0.033783783783783786,0.12787366248295853,-0.02159973625307063,-0.08513083862851872,21,0.5462521343004136,15,0.6007227341334025,11,0.583948785608465,25,0.5275245940685273,18,0.5738319042656157,16,0.5553875342011452,22,0.5689410851760344,20,0.5807874828577042,0.0005586226178912086,0.0007265092570084553,5.101395137687264e-06,0.0012902332700373512,0.0005898240000000149,2.3762371246474324e-06,0.0007027855071619837,0.0009347239245656169,84,0.9941861033439636,9.778661585290346,bas1
9500,190.0,2.8024,13,148,256,95,0.04712803343136329,0.00031843265832002225,0.5637926735185288,0.13959973941178336,0.6576650692401705,0.17994031073163144,145,3,1.0206896551724138,0.033783783783783786,0.12637768423436058,-0.009835171366619383,-0.08642929262893735,21,0.5462521343004136,15,0.6007227341334025,11,0.583948785608465,25,0.5275245940685273,18,0.5738319042656157,16,0.5553875342011452,22,0.5689410851760344,20,0.5807874828577042,0.0005883885968530872,0.0007309860052531228,3.0934368267029127e-06,0.0013224680389329127,0.0006225919999999979,2.5792490080031443e-06,0.000702455287940918,0.0007965963139540122,90,0.9949706792831421,9.791515336835687,bas1
10000,200.0,2.8066,13,148,256,95,0.04705322296649683,0.00031792718220605967,0.5644590971437661,0.13887320795592883,0.6587376854306942,0.17982841355639478,145,3,1.0206896551724138,0.033783783783783786,0.14646670620875504,0.00562106726148904,-0.088930289885431,21,0.5462521343004136,15,0.6007227341334025,11,0.583948785608465,25,0.5275245940685273,19,0.5679274028853366,16,0.5553875342011452,21,0.5787470567794073,20,0.5807874828577042,0.0006188615512273134,0.0007267185666267255,9.198919326832699e-06,0.0013547790371808716,0.0006553599999999808,2.8785370783151146e-06,0.0007022975742592059,0.0010457116065936134,95,0.9921498894691467,9.80247821537757,bas1
10500,210.0,2.8114,13,148,256,95,0.04740172173114843,0.00032028190358884075,0.5644590971437661,0.13887320795592883,0.6587376854306942,0.17982841355639478,145,3,1.0206896551724138,0.033783783783783786,0.14951751256897208,0.02084278916595678,-0.09056362887671107,21,0.5462521343004136,15,0.6007227341334025,11,0.583948785608465,25,0.5275245940685273,19,0.5679274028853366,16,0.5553875342011452,21,0.5787470567794073,20,0.5807874828577042,0.0006503081415163694,0.000731674303769427,4.974565499038749e-06,0.0013869570107848351,0.0006881279999999638,3.3027323548243727e-06,0.0007021317431396958,0.0008427914161401873,100,0.9948861002922058,9.811726173581599,bas1
11000,220.0,2.817,13,151,256,92,0.04777357129569282,0.00031638126685889286,0.5635326502733673,0.1402937689089816,0.6589332262411812,0.17993433272258139,148,3,1.0202702702702702,0.033112582781456956,0.15971356283241175,0.02351841083474463,-0.09044074299483278,21,0.5462521343004136,16,0.6125096529722214,11,0.583948785608465,25,0.5275245940685273,19,0.5679274028853366,17,0.5463620617109186,21,0.5787470567794073,21,0.5703793111301604,0.0006794834053580104,0.0007369840336356684,2.943319832904876e-06,0.0014194107588265837,0.0007208959999999467,3.5069129524367304e-06,0.0007020216717790737,0.0007106887843590926,103,0.9968633651733398,9.81943242529395,bas1
11500,230.0,2.8215,13,151,256,92,0.047791377332032425,0.0003164991876293538,0.5631915370360115,0.14071957495287582,0.6598747802885953,0.18006768079311547,148,3,1.0202702702702702,0.033112582781456956,0.15896985869346,0.023046247979762933,-0.0974356404223977,21,0.5462521343004136,16,0.6125096529722214,11,0.583948785608465,25,0.5275245940685273,18,0.5764942599667443,17,0.5463620617109186,21,0.5787470567794073,22,0.5609173368323933,0.0007094975075078462,0.0007349570993769258,7.361495449662304e-06,0.0014518161023344342,0.0007536639999999297,3.846483956962259e-06,0.0007019985862914668,0.0009188543756124545,104,0.9933103322982788,9.825740156582844,bas1
12000,240.0,2.826,13,152,256,91,0.0477477947351872,0.0003141302285209684,0.5634130115963911,0.14004757308989396,0.6631140520698146,0.17883122310660052,149,3,1.0201342281879195,0.03289473684210526,0.1882048317783441,0.04716526665007956,-0.10665049735935306,22,0.5468709658492695,16,0.6125096529722214,11,0.583948785608465,25,0.5275245940685273,19,0.5704496346021953,16,0.5539686195552349,21,0.5787470567794073,22,0.5609173368323933,0.0007432608606572229,0.0007316657511819926,8.548895847366843e-06,0.0014834755076865824,0.0007864319999999126,4.630387271904509e-06,0.0007016738949585743,0.001046199304120421,110,0.9920434355735779,9.830776762045604,bas1
12500,250.0,2.8281,13,152,256,91,0.04789506068118499,0.0003150990834288486,0.5625770407679834,0.14027311565911452,0.6621017032548001,0.17807593492971793,149,3,1.0201342281879195,0.03289473684210526,0.2009187979961824,0.1380147891250024,-0.11078798452009934,22,0.5468709658492695,16,0.6125096529722214,11,0.583948785608465,25,0.5275245940685273,19,0.5637618679749338,16,0.5539686195552349,21,0.5787470567794073,22,0.5609173368323933,0.0007749249305779263,0.0007336129825025216,7.006236171019698e-06,0.0015155441492514677,0.0008191999999998956,5.251470292997048e-06,0.0007015956195445692,0.0010713918726708016,113,0.9927802681922913,9.83465702172902,bas1
13000,260.0,2.8353,13,153,256,90,0.04836746164801298,0.00031612720031381033,0.561311196073208,0.14068227052045615,0.6602578743610507,0.1789428178756626,150,3,1.02,0.032679738562091505,0.20054198050278588,0.14513226146242203,-0.08962981429507463,22,0.5468709658492695,16,0.6125096529722214,11,0.583948785608465,26,0.5214237559300202,19,0.5637618679749338,16,0.5539686195552349,21,0.5787470567794073,22,0.5609173368323933,0.0008032755391543444,0.0007403399066620148,4.053650964280208e-06,0.0015476690967806393,0.0008519679999998785,5.54961390876708e-06,0.0007012507106895279,0.0009015354973840317,119,0.9959596395492554,9.837779928782016,bas1
13500,270.0,2.8417,13,153,256,90,0.048871575825614855,0.00031942206421970494,0.561311196073208,0.14068227052045615,0.6602578743610507,0.1789428178756626,150,3,1.02,0.032679738562091505,0.18425016210548803,0.14745960939165198,-0.0897881768830949,22,0.5468709658492695,16,0.6125096529722214,11,0.583948785608465,26,0.5214237559300202,19,0.5637618679749338,16,0.5539686195552349,21,0.5787470567794073,22,0.5609173368323933,0.000829970496455274,0.0007475331040322627,2.5996612635971536e-06,0.001580103261751134,0.0008847359999998614,5.6964916055106875e-06,0.0007010637533567832,0.0007791042027633921,121,0.99777752161026,9.840315416960161,bas1
14000,280.0,2.8444,13,154,256,89,0.04914276480485569,0.0003191088623691928,0.5619634997535061,0.14212972921959313,0.657531620620133,0.179069247182555,151,3,1.0198675496688743,0.032467532467532464,0.1713650394759383,0.07997684205867396,-0.06696857938344983,23,0.5476772007734879,16,0.6125096529722214,12,0.6010625064373016,28,0.5113127540264811,16,0.5786733869463205,16,0.5539686195552349,21,0.5787470567794073,22,0.5609173368323933,0.00085642409322966,0.000750518262323256,5.794154894823002e-06,0.0016127365104477392,0.0009175039999998444,5.837677597090741e-06,0.0007010701880449855,0.0009175034397372883,124,0.9871264100074768,9.842301953754243,bas1
14500,290.0,2.8492,13,157,256,86,0.04968325254958472,0.00031645383789544407,0.560245636542132,0.1417474162518535,0.6588585186915793,0.17803329658961603,154,3,1.0194805194805194,0.03184713375796178,0.16054135773519565,0.12827301313102743,-0.08084168188495712,23,0.5476772007734879,16,0.6125096529722214,13,0.5931343986437871,28,0.5113127540264811,16,0.5786733869463205,17,0.5540865238975076,21,0.5787470567794073,23,0.5522781429083451,0.0008836288223440228,0.0007582120206934548,3.3664393449265173e-06,0.001645207282382404,0.0009502719999998273,6.081291963442388e-06,0.000701016574346019,0.0007671829787412321,127,0.9915684461593628,9.843780293492957,bas1
15000,300.0,2.8556,13,157,256,86,0.05021662123181159,0.00031985109064848146,0.560245636542132,0.1417474162518535,0.6588585186915793,0.17803329658961603,154,3,1.0194805194805194,0.03184713375796178,0.1481983953040144,0.1346599862405139,-0.0826396274234809,23,0.5476772007734879,16,0.6125096529722214,13,0.5931343986437871,28,0.5113127540264811,16,0.5786733869463205,17,0.5540865238975076,21,0.5787470567794073,23,0.5522781429083451,0.0009097164178360447,0.000765788986499919,2.17968595171659e-06,0.0016776850902876803,0.000983039999999821,6.201526123407449e-06,0.0007008466164112666,0.0006658288046548222,132,0.994953989982605,9.844782645819778,bas1
15500,310.0,2.8606,13,156,256,87,0.0504849635908613,0.0003236215614798801,0.5586504978247178,0.14078936607387055,0.6604438834847548,0.17749487978669248,153,3,1.0196078431372548,0.03205128205128205,0.13112167574958436,0.11541273378118327,-0.0892385970904742,23,0.5476772007734879,15,0.5994044780731201,13,0.5931343986437871,28,0.5113127540264811,16,0.5786733869463205,17,0.5540865238975076,21,0.5787470567794073,23,0.5522781429083451,0.0009357535860413811,0.0007710724869648285,3.1042299355154125e-06,0.001709930302941725,0.0010158079999998582,6.3155418393846035e-06,0.0007004378447812514,0.0008211060414016202,140,0.9953811764717102,9.84516338974314,bas1
16000,320.0,2.8626,13,157,256,86,0.051031290073296987,0.0003250400641611273,0.5598850117367544,0.14118477579819388,0.6588342783937029,0.17806722446860154,154,3,1.0194805194805194,0.03184713375796178,0.1321484220659526,0.04578297176739694,-0.07315685375622138,23,0.5476772007734879,15,0.5994044780731201,13,0.5931343986437871,29,0.5196284929226185,16,0.5786733869463205,17,0.5540865238975076,21,0.5787470567794073,23,0.5522781429083451,0.0009616261450486735,0.000778779719276492,2.1020840051563945e-06,0.001742507948330322,0.0010485759999998953,6.416036268722449e-06,0.000700347984599149,0.0007127638439712314,140,0.9974432587623596,9.845164902361415,bas1
16500,330.0,2.8657,13,159,256,84,0.05158307131569018,0.00032442183217415205,0.5586765854613586,0.14116261638384853,0.6599068081228988,0.17720375548544515,154,3,1.0324675324675325,0.05660377358490566,0.14610695134589094,0.042358947906991004,-0.08502235433770566,24,0.5484162494540215,15,0.5994044780731201,13,0.5931343986437871,29,0.5196284929226185,16,0.5786733869463205,17,0.5540865238975076,21,0.5787470567794073,24,0.5443588818113009,0.0009869182145335318,0.0007865704407072382,1.5794950927655186e-06,0.0017750681503335354,0.0010813439999999325,6.469862122136197e-06,0.000700194012455739,0.0006331429995132254,141,0.998612105846405,9.845164902361415,bas1
17000,340.0,2.8716,14,160,256,82,0.05214056899785646,0.0003258785562366029,0.5589658848941326,0.14076806672469516,0.6609937721863389,0.17718005161082737,155,3,1.032258064516129,0.05625,0.1493511507905228,0.044126886760067804,-0.09785708014170426,24,0.5484162494540215,15,0.5994044780731201,13,0.5931343986437871,29,0.5196284929226185,16,0.5786733869463205,17,0.5540865238975076,21,0.5787470567794073,25,0.5467831063270568,0.001011881074800573,0.0007944708340236667,1.282751355967951e-06,0.0018076346601802076,0.0011141119999999696,6.501550735620932e-06,0.0007000242109158588,0.0005685836427788971,147,0.9992011189460754,9.978497775740504,bas1
17500,350.0,2.8759,14,162,256,80,0.05272364006668795,0.0003254545683128886,0.5587438556515141,0.1413896666358702,0.6630935273420664,0.17748665505340347,157,3,1.0318471337579618,0.05555555555555555,0.16317756824412463,0.07292732977182362,-0.11930132946092287,24,0.5484162494540215,15,0.5994044780731201,13,0.5931343986437871,30,0.5142208258310954,16,0.5786733869463205,17,0.5540865238975076,22,0.5853751247579401,25,0.5467831063270568,0.0010365198147126327,0.0008027026351914478,1.0798586534803239e-06,0.0018403023085575608,0.0011468800000000068,6.522214255752048e-06,0.0006999445228133062,0.000506243256571004,148,0.9995816946029663,9.978497775740504,bas1
18000,360.0,2.8814,14,163,256,79,0.05333738560875645,0.00032722322459359786,0.5587847790469421,0.14095625113085405,0.6635175959829904,0.1770236849977398,158,3,1.0316455696202531,0.05521472392638037,0.17753434094640297,0.02758113731165347,-0.12362197818027448,25,0.5490961742401123,15,0.5994044780731201,13,0.5931343986437871,30,0.5142208258310954,16,0.5786733869463205,17,0.5540865238975076,22,0.5853751247579401,25,0.5467831063270568,0.0010607049214232116,0.0008113353289223746,9.368197019692421e-07,0.0018729770700475555,0.001179648000000044,6.5371025806109734e-06,0.0006998661726281225,0.00045280899638644456,149,0.9997801184654236,9.978497775740504,bas1
18500,370.0,2.8864,14,164,256,78,0.05396464860677952,0.0003290527354071922,0.5601904415866223,0.1416671590304254,0.6617758108711824,0.1778786534136715,159,3,1.0314465408805031,0.054878048780487805,0.20815815443835137,0.010193456579492353,-0.10460574085662244,25,0.5490961742401123,15,0.5994044780731201,14,0.6071471869945526,30,0.5142208258310954,16,0.5786733869463205,17,0.5540865238975076,22,0.5853751247579401,25,0.5467831063270568,0.0010846125347480835,0.0008201757211077118,8.322746661466333e-07,0.001905620530521942,0.0012124160000000811,6.548807564841293e-06,0.0006997533380867021,0.0004089045529935831,152,0.999883770942688,9.978497775740504,bas1
19000,380.0,2.8937,14,165,256,77,0.0545980299502844,0.00033089715121384486,0.560641920747179,0.1413555049814496,0.6628478077324954,0.17786938436795807,160,3,1.03125,0.05454545454545454,0.21876568001301996,0.01889536416700018,-0.11558701424594729,25,0.5490961742401123,15,0.5994044780731201,14,0.6071471869945526,30,0.5142208258310954,17,0.5819681584835052,17,0.5540865238975076,22,0.5853751247579401,25,0.5467831063270568,0.001108301894851841,0.0008290121059674482,7.559147817650993e-07,0.0019380699156010543,0.0012451840000001183,6.558673040742824e-06,0.0006994445886416788,0.00037457472740243247,156,0.9999315142631531,9.978497775740504,bas1
19500,390.0,2.9036,14,169,256,73,0.055229119996511145,0.0003267995266065748,0.5601984077304073,0.1401045987456865,0.6635711893174775,0.17598691192306185,163,3,1.0368098159509203,0.0650887573964497,0.2233666420815879,0.01565277160713065,-0.1204155592642523,26,0.5497237971195807,15,0.5994044780731201,16,0.6025383658707142,30,0.5142208258310954,18,0.5752836151255502,17,0.5540865238975076,22,0.5853751247579401,25,0.5467831063270568,0.0011317959986128705,0.0008377118777475129,6.970989754513142e-07,0.001970204975335835,0.0012779520000001554,6.567467506864482e-06,0.0006988204428425438,0.0003469253375909531,165,0.99994957447052,9.978497775740504,bas1
20000,400.0,2.9114,14,167,256,75,0.05463576133479364,0.0003271602475137344,0.5600383908091905,0.13959580948413186,0.6655735184332567,0.17559889567756973,159,3,1.050314465408805,0.08982035928143713,0.22070187207143954,0.052363502853555975,-0.1479106581626149,25,0.5570249712467193,14,0.5858395525387355,17,0.6046093176392948,31,0.5106117984940929,18,0.5752836151255502,16,0.5571087375283241,21,0.5882517411595299,25,0.5467831063270568,0.0011598701487043383,0.0008248254897554869,1.7407667340490215e-05,0.0020021033058003155,0.0013107200000001926,7.072544631693228e-06,0.0006984558504318161,0.0013754835309174318,174,0.9908491373062134,9.978497775740504,bas1
20500,410.0,2.916,14,168,256,74,0.05498691867978778,0.00032730308737968913,0.5606632177673635,0.13956399823006244,0.6676318496465683,0.17643901802821063,160,3,1.05,0.08928571428571429,0.20131419224820096,0.06809321769812733,-0.16622640075182737,26,0.5573476403951645,14,0.5858395525387355,17,0.6046093176392948,31,0.5106117984940929,19,0.5818666549105393,16,0.5571087375283241,21,0.5882517411595299,24,0.5445338015755018,0.001191849217244764,0.0008296494535499344,1.2403442159264294e-05,0.0020339021129539628,0.0013434880000002297,7.993615385008623e-06,0.0006984077283387416,0.001292520656188234,175,0.9919299483299255,9.978497775740504,bas1
21000,420.0,2.9201,14,168,256,74,0.055628102032642346,0.00033111965495620445,0.5606632177673635,0.13956399823006244,0.6676318496465683,0.17643901802821063,160,3,1.05,0.08928571428571429,0.18947845854815165,0.036162631470910714,-0.16775602460165262,26,0.5573476403951645,14,0.5858395525387355,17,0.6046093176392948,31,0.5106117984940929,19,0.5818666549105393,16,0.5571087375283241,21,0.5882517411595299,24,0.5445338015755018,0.0012207909357113645,0.0008386744144010745,6.5796081527240704e-06,0.002066044958265163,0.001376256000000267,8.576177803513997e-06,0.0006983651360684101,0.0010181225857284204,175,0.9950593113899231,9.978497775740504,bas1
21500,430.0,2.9236,14,170,256,72,0.05627312124124728,0.00033101836024263106,0.559727223480449,0.1392678343206999,0.6691892420544344,0.1760165599393506,161,3,1.0559006211180124,0.1,0.18990744067673385,0.028111791914310784,-0.18090674621582659,27,0.5574409288388712,14,0.5858395525387355,17,0.6046093176392948,32,0.507228335365653,19,0.5818666549105393,16,0.5571087375283241,21,0.5882517411595299,24,0.5445338015755018,0.001246924214878637,0.0008477487213368216,3.796175940903182e-06,0.002098469112156362,0.001409024000000304,8.8549233357722e-06,0.00069830003549183,0.0008468733644813042,175,0.9971643090248108,9.978497775740504,bas1
22000,440.0,2.9278,14,169,256,73,0.05687963193122414,0.00033656586941552746,0.5596935717311836,0.13967857247741428,0.6688162984227287,0.1764695696859065,160,3,1.05625,0.10059171597633136,0.1847359544791212,0.0352221885274192,-0.18043974395899817,26,0.5571342580593549,14,0.5858395525387355,17,0.6046093176392948,32,0.507228335365653,19,0.5818666549105393,16,0.5571087375283241,21,0.5882517411595299,24,0.5445338015755018,0.0012719771114165204,0.0008561992677843965,2.844276215202755e-06,0.0021310206554161198,0.0014417920000003412,9.01706662533205e-06,0.0006982457220411106,0.000761220132445839,177,0.9963560104370117,9.978497775740504,bas1
22500,450.0,2.9328,13,168,256,75,0.05716652026967495,0.0003402769063671128,0.5606678268384366,0.13951998042955707,0.6692546811841783,0.1769022239090933,159,3,1.0566037735849056,0.10119047619047619,0.1914750329193265,0.07386636910057878,-0.18195043619635023,26,0.5571342580593549,13,0.6004411555253543,17,0.6046093176392948,32,0.507228335365653,19,0.5818666549105393,16,0.5571087375283241,21,0.5882517411595299,24,0.5445338015755018,0.0024953488779073754,0.0008577023054631349,0.01034445477878919,0.013697505962159701,0.0014745600000003784,0.000142400046071088,0.01236534600823041,0.34971516701896643,200,0.9130722284317017,9.59459919563803,bas1
23000,460.0,2.9365,13,169,256,74,0.0578982305014506,0.00034259307989024023,0.5597309815813098,0.13963557075827562,0.6698271505226044,0.1765340761166992,159,3,1.0628930817610063,0.10650887573964497,0.20364229698447553,0.08183308255869366,-0.1878398451069276,26,0.5571342580593549,13,0.6004411555253543,17,0.6046093176392948,33,0.5040499306086338,19,0.5818666549105393,16,0.5571087375283241,21,0.5882517411595299,24,0.5445338015755018,0.007486995833645647,0.0008682148529855407,0.004822670253927852,0.01317788094055904,0.0015073280000004155,0.0006945807704569999,0.012365133711015623,0.17977051984451653,204,0.9239630699157715,9.59459919563803,bas1
23500,470.0,2.9405,13,170,256,73,0.05865779217128875,0.0003450458363016985,0.5588957535869935,0.1396470312578601,0.6710590429165784,0.17674113325755866,159,3,1.069182389937107,0.11764705882352941,0.2081180654071794,0.08518476972775148,-0.1989562402349063,26,0.5571342580593549,13,0.6004411555253543,17,0.6046093176392948,33,0.5040499306086338,19,0.5818666549105393,17,0.5489107072353363,21,0.5882517411595299,24,0.5445338015755018,0.009811706737650168,0.0008792023720354842,0.002263612753999801,0.012954521863685453,0.0015400960000004527,0.0009504878917667596,0.01236491375545176,0.09917541743659797,207,0.9374635815620422,9.59459919563803,bas1
24000,480.0,2.9442,13,173,256,70,0.05944117139733862,0.00034359058611178395,0.5584968357761472,0.1395346948749768,0.6707783809976081,0.17857812005170612,161,3,1.0745341614906831,0.12716763005780346,0.21954464872568266,0.08709652847815665,-0.190372505207457,26,0.5571342580593549,13,0.6004411555253543,17,0.6046093176392948,33,0.5040499306086338,20,0.575855641067028,17,0.5489107072353363,23,0.5869267245997554,24,0.5445338015755018,0.010901663163231658,0.000890556190863866,0.001075969641693154,0.012868188995788678,0.0015728640000004898,0.0010692549794829751,0.012364579975271163,0.06014677033285576,213,0.9537031054496765,9.59459919563803,bas1
24500,490.0,2.9481,13,175,256,68,0.06026577933880617,0.0003443758819360353,0.5587479432991572,0.13877942734035487,0.6725565763882229,0.17832507323729038,163,3,1.0736196319018405,0.12571428571428572,0.22876589056316485,0.0865027811166358,-0.2032671365750513,26,0.5571342580593549,13,0.6004411555253543,17,0.6046093176392948,33,0.5040499306086338,20,0.575855641067028,18,0.5493030564652549,23,0.5869267245997554,25,0.5469510293006897,0.01141982964333074,0.0009024298568004719,0.0005232932741110092,0.012845552774242222,0.001605632000000527,0.001124524108404517,0.012364444882646212,0.040532473832770366,215,0.9684938788414001,9.59459919563803,bas1
25000,500.0,2.9514,13,176,256,67,0.06112990475594415,0.0003473290042951372,0.5599514325572685,0.139297404107013,0.6730440841479735,0.17793465668796787,164,3,1.0731707317073171,0.125,0.23134283285295434,0.0871609389164168,-0.20755707024088382,26,0.5571342580593549,13,0.6004411555253543,17,0.6046093176392948,33,0.5040499306086338,20,0.575855641067028,18,0.5493030564652549,23,0.5869267245997554,26,0.5555514532786149,0.011672742053627,0.0009148517826937221,0.00026478437369578943,0.012852378210016512,0.0016384000000005641,0.0011503763395883267,0.012364354549604275,0.0300742139178114,217,0.9805077314376831,9.59459919563803,bas1
25500,510.0,2.954,13,178,256,65,0.06204810911003733,0.00034858488264065916,0.5601785325267342,0.13883375895723138,0.6736666365955652,0.17704367877605143,166,3,1.072289156626506,0.12359550561797752,0.2321997441531328,0.08721396624626004,-0.21099541312948586,26,0.5571342580593549,13,0.6004411555253543,17,0.6046093176392948,33,0.5040499306086338,20,0.575855641067028,19,0.5554922677968678,23,0.5869267245997554,27,0.5532506064132408,0.011802251713126773,0.0009279908396151116,0.00014268784810217403,0.012872930400844059,0.0016711680000006013,0.0011625860857065653,0.012364348486550023,0.02399736332475877,217,0.9886845350265503,9.59459919563803,bas1
26000,520.0,2.9574,13,179,256,64,0.06238446096176631,0.0003485165416858453,0.5581643917707092,0.13847016493399256,0.6727656826959642,0.17777848295065263,167,3,1.0718562874251496,0.12290502793296089,0.22350485397648603,0.08842072170712205,-0.19839752302039135,27,0.555591058951837,13,0.6004411555253543,17,0.6046093176392948,32,0.49735894333571196,21,0.5675930380821228,19,0.5554922677968678,23,0.5869267245997554,27,0.5532506064132408,0.011876867170259292,0.0009348948727108861,8.778582511963984e-05,0.012899547868089818,0.0017039360000006385,0.0011687414120608395,0.01236435328015002,0.020575466427146916,218,0.9929252862930298,9.59459919563803,bas1
26500,530.0,2.9596,12,181,256,63,0.0633621225351817,0.00035006697533249555,0.5590114196690407,0.13867202878164647,0.6719244129091336,0.17778727651738122,169,3,1.0710059171597632,0.12154696132596685,0.18662515383502826,0.08952482803532955,-0.18880145648384594,27,0.555591058951837,13,0.6004411555253543,17,0.6046093176392948,33,0.4974110596107714,21,0.5675930380821228,19,0.5554922677968678,23,0.5869267245997554,28,0.561011729495866,0.021592733523556895,0.000948791933452763,0.010466756998923228,0.03300828245593289,0.0017367040000006756,0.0022461864951652407,0.033517764951097456,0.9236586776357948,237,0.9721938371658325,8.316568645416384,bas1
27000,540.0,2.9625,11,183,256,62,0.06407226571172941,0.00035012167055589846,0.5605575588882946,0.13851899382717428,0.6735489313068286,0.17769982360611294,170,3,1.076470588235294,0.13114754098360656,0.16473419291548425,0.08745017144804017,-0.20374340948704117,27,0.555591058951837,13,0.6004411555253543,17,0.6046093176392948,32,0.5003819996491075,21,0.5675930380821228,21,0.5543499262559981,24,0.5923177748918533,28,0.561011729495866,0.02824081549537021,0.0009572211455055739,0.02095364204135545,0.050151678682231235,0.0017694720000007128,0.0029827557781488727,0.051364962460379394,1.6182311226995538,259,0.9473888874053955,7.340809549523266,bas1
27500,550.0,2.9614,10,188,256,58,0.0651143464492634,0.00034635290664501803,0.5592175601644719,0.13758569709692547,0.6767748797193487,0.1773914178991413,174,3,1.0804597701149425,0.13829787234042554,0.14182977751022272,0.08729638108618835,-0.22591412158331847,29,0.5526673865729365,13,0.6004411555253543,18,0.598686416943868,33,0.49709135745510913,22,0.5706426501274109,21,0.5543499262559981,24,0.5923177748918533,28,0.561011729495866,0.04682517531774577,0.0009721787107369226,0.020010927318504984,0.06780828134698767,0.00180224000000075,0.005045707019410455,0.07105174836639738,1.572378249349121,278,0.9176816344261169,6.66280052854706,bas1
28000,560.0,2.9615,10,190,256,56,0.06623448108075536,0.0003486025320039756,0.5604273043180766,0.1375961786404041,0.6739926325647454,0.1785058980060169,174,3,1.0919540229885059,0.15789473684210525,0.1304825692096309,0.0896905677871893,-0.20024602702892366,29,0.5526673865729365,13,0.6004411555253543,18,0.598686416943868,35,0.5072086087294987,22,0.5706426501274109,21,0.5543499262559981,24,0.5923177748918533,28,0.561011729495866,0.05572052431900602,0.0009885400981279988,0.010145369237879148,0.06685443365501317,0.001835008000000787,0.00603226329683337,0.07105168895184576,1.1703742837208886,282,0.9409881234169006,6.66280052854706,bas1
28500,570.0,2.9613,9,191,256,56,0.06740329888998531,0.0003528968528271482,0.5614327591751258,0.13793354468016025,0.6725986181753468,0.1790719101319216,175,3,1.0914285714285714,0.15706806282722513,0.1258255953115651,0.08844166596497081,-0.1899731202482237,29,0.5526673865729365,13,0.6004411555253543,18,0.598686416943868,36,0.5140214024318589,22,0.5706426501274109,21,0.5543499262559981,24,0.5923177748918533,28,0.561011729495866,0.06081058480035154,0.001005617025391094,0.01684695682089305,0.07866315864663569,0.0018677760000008242,0.006596083210697751,0.08339146585733262,1.6776706709897957,301,0.9356932640075684,5.900486305444907,bas1
29000,580.0,2.9591,9,193,256,54,0.06849831329964218,0.00035491354041265375,0.5622244968315481,0.13746326050497684,0.6735038612173011,0.17845507509934364,177,3,1.0903954802259888,0.15544041450777202,0.13164428276424245,0.07828879747116951,-0.2005843774516567,28,0.5522121371967452,13,0.6004411555253543,20,0.603073388338089,36,0.5140214024318589,22,0.5706426501274109,22,0.5544237020340833,24,0.5923177748918533,28,0.561011729495866,0.06801071263255161,0.00102158187196865,0.008865215710955636,0.07789751021547589,0.0019005440000008614,0.007394470625259289,0.08339143684073431,1.3104049134033438,301,0.9585007429122925,5.900486305444907,bas1
29500,590.0,2.9574,9,194,256,53,0.0697798731016519,0.00035969006753428813,0.5633950583713571,0.13806953511706335,0.6716509340042921,0.17984630261384918,178,3,1.0898876404494382,0.15463917525773196,0.13781991784821102,0.07346408560580724,-0.18797531758917937,28,0.5522121371967452,14,0.6139320326702935,20,0.603073388338089,36,0.5140214024318589,22,0.5706426501274109,22,0.5544237020340833,24,0.5923177748918533,28,0.561011729495866,0.07145492106554567,0.0010404404709963698,0.005053774399048121,0.07754913593559017,0.0019333120000008986,0.0077756150659185185,0.08339143900150779,1.0821229449737275,302,0.9755274057388306,5.900486305444907,bas1
30000,600.0,2.9543,7,193,256,56,0.07085050626119482,0.000367101068710854,0.5649461767834085,0.13746375132568062,0.6712834441291236,0.18022979767463296,178,3,1.0842696629213484,0.14507772020725387,0.1387377802157908,0.08603992666065023,-0.19130804100817445,29,0.5524749272856219,14,0.6139320326702935,20,0.603073388338089,36,0.5140214024318589,21,0.575832948798225,22,0.5544237020340833,24,0.5923177748918533,27,0.5683745388631467,0.07870110677986547,0.00105506162477929,0.012908546074137432,0.0926647144787822,0.0019660800000009357,0.008579363389185014,0.09927799786796629,1.756986466052814,341,0.9504525065422058,4.874702069668194,bas1
30500,610.0,2.9513,7,196,256,53,0.07238193506782409,0.00036929558708073516,0.5670547901975865,0.1375646065819149,0.6711440731068047,0.18087872119992013,180,3,1.0888888888888888,0.15306122448979592,0.15172794003426765,0.0923437571365114,-0.1901202010348093,30,0.5589587022860845,14,0.6139320326702935,20,0.603073388338089,37,0.5174551678670419,21,0.575832948798225,22,0.5544237020340833,25,0.5974277782440186,27,0.5683745388631467,0.08382907342644766,0.0010784084644500386,0.00722111604294114,0.09212859793383883,0.001998848000000973,0.009148107619067996,0.09927785755290586,1.4369438670803791,341,0.9702097177505493,4.874702069668194,bas1
31000,620.0,2.9458,6,196,256,54,0.07399812103176373,0.00037754143383552925,0.5666051543488795,0.1375839869934808,0.6700439921447209,0.18054135484212155,180,3,1.0888888888888888,0.15306122448979592,0.178957046002528,0.08820048473858949,-0.18470875079412225,30,0.5589587022860845,15,0.6074589550495147,20,0.603073388338089,37,0.5174551678670419,21,0.575832948798225,22,0.5544237020340833,25,0.5974277782440186,26,0.5669672328692216,0.09924172470805843,0.0011033999011965784,0.023725205865924227,0.12407033047517925,0.00203161600000101,0.010859865387567736,0.13289857986274597,2.016317671691337,357,0.9450756907463074,3.635350683505116,bas1
31500,630.0,2.9392,6,197,256,53,0.07568085016828263,0.0003841667521232621,0.5661882523655286,0.1377955371318971,0.6677911845863168,0.18119240318726246,181,3,1.0883977900552486,0.15228426395939088,0.20739972891159045,0.06652568104270062,-0.16336071709958722,30,0.5537388602892558,15,0.6074589550495147,20,0.603073388338089,38,0.5207082088056364,21,0.575832948798225,22,0.5544237020340833,25,0.5974277782440186,26,0.5669672328692216,0.10964888748960311,0.0011294658497890998,0.012166852017494834,0.12294520535688704,0.002064384000001047,0.012015640126082323,0.1328964614829683,1.5272979252738939,357,0.9606531262397766,3.635350683505116,bas1
32000,640.0,2.9332,6,203,256,47,0.07720949393842602,0.0003803423346720494,0.5694576099588367,0.13842342805056906,0.6663532527209503,0.18181612546400797,186,3,1.0913978494623655,0.15763546798029557,0.23227360397819521,0.06674274753503241,-0.1411690525024613,34,0.5654977226958555,14,0.6225618294307164,20,0.603073388338089,39,0.51681576248927,22,0.5814933316274122,22,0.5544237020340833,26,0.60417312842149,26,0.5669672328692216,0.11458553016531878,0.0011505625600378032,0.006693761045140757,0.12242985377049734,0.0020971520000010843,0.012563773432200059,0.13289647520269632,1.2364439648104772,358,0.9724206328392029,3.635350683505116,bas1
32500,650.0,2.9282,5,208,256,43,0.07921490491935401,0.0003808408890353558,0.5710658141626761,0.13781106302277743,0.6690201553014609,0.18085759046426347,188,3,1.1063829787234043,0.1778846153846154,0.2475202434872469,0.06729016869009768,-0.15635842801306757,37,0.5654909642967018,14,0.6225618294307164,20,0.603073388338089,39,0.51681576248927,22,0.5814933316274122,22,0.5544237020340833,27,0.6084655258390639,27,0.5743196893621374,0.11978898089468246,0.0011807932188835609,0.012241819419184757,0.13321159353275078,0.0021299200000011215,0.013141651123447756,0.14422332465619742,2.0010062613622877,377,0.9731425046920776,2.5730226330917736,bas1
33000,660.0,2.924,5,213,256,38,0.08124264153229888,0.00038142085226431396,0.5707364345380398,0.13740705297903752,0.6669410009619215,0.1804945002437525,192,3,1.109375,0.18309859154929578,0.2391210278729581,0.06318615488397192,-0.13283420954790207,39,0.5654870363382193,15,0.6074589550495147,20,0.603073388338089,41,0.5222960608761485,22,0.5814933316274122,22,0.5544237020340833,27,0.6084655258390639,27,0.5743196893621374,0.12437027101368608,0.0012112462711793863,0.007151170302846314,0.13273268758771178,0.0021626880000011586,0.01365042767766796,0.1442204272653786,1.6700589170051623,377,0.9844156503677368,2.5730226330917736,bas1
33500,670.0,2.9193,4,217,256,35,0.08329698056695634,0.00038385705330394625,0.5686872068638077,0.13739315443011624,0.6673509812300107,0.1811588138112907,196,3,1.1071428571428572,0.17972350230414746,0.22090079310292202,0.05870962207796469,-0.13089181211201267,40,0.5615703381597996,16,0.5971820242702961,21,0.5929555523963201,42,0.5240465672243209,22,0.5814933316274122,22,0.5544237020340833,27,0.6084655258390639,27,0.5743196893621374,0.13008126742406956,0.001242164421767993,0.02022103364609381,0.15154446549193137,0.002195456000001196,0.014284789160058632,0.16363379865198882,2.066424224648154,398,0.9572252631187439,1.834836372467273,bas1
34000,680.0,2.9134,3,219,256,34,0.08536282911154558,0.00038978460781527663,0.569341067854128,0.13716188763927029,0.6676209311779231,0.18116012280252702,198,3,1.106060606060606,0.1780821917808219,0.22003507956519255,-0.004384255430694375,-0.13145517663245715,40,0.5607400499284267,16,0.5971820242702961,21,0.5929555523963201,42,0.5240465672243209,22,0.5814933316274122,23,0.5562952614348867,28,0.6123171831880297,27,0.5743196893621374,0.14208435662797436,0.0012732184347990128,0.020115071768825158,0.16347264683159854,0.002228224000001233,0.015618380493822337,0.17686280332541965,2.6669512663388044,415,0.9588008522987366,0.6556207221246249,bas1
34500,690.0,2.9068,3,221,256,32,0.08752465308862156,0.0003960391542471564,0.5703186500665829,0.13733604833808777,0.6662879181663375,0.18193863215781597,199,3,1.1105527638190955,0.18099547511312217,0.21815896664965595,-0.03702761832776213,-0.11729470936532053,41,0.5608540577132527,17,0.6084838719928966,21,0.5929555523963201,42,0.5240465672243209,22,0.5814933316274122,23,0.5562952614348867,28,0.6123171831880297,27,0.5743196893621374,0.15011854384773332,0.0013057720872794367,0.011186587105293824,0.1626109030403066,0.00226099200000127,0.016511038740005184,0.1768609497803105,2.173987295897735,415,0.9726250767707825,0.6556207221246249,bas1
35000,700.0,2.9008,3,231,256,22,0.08968951169299544,0.00038826628438526166,0.5700381505282927,0.1365878129168213,0.6692171936685388,0.1812516628119197,206,3,1.1213592233009708,0.19913419913419914,0.21367213156947787,-0.0521548157950667,-0.13119240594379938,42,0.5609626365559441,17,0.6084838719928966,22,0.5886392593383789,44,0.5201600525866855,23,0.5866615072540615,23,0.5562952614348867,29,0.6049880138758955,31,0.5840126487516588,0.15402058070012883,0.001338090999091004,0.006850929418266658,0.16220960111748647,0.0022937600000013073,0.016944548939729454,0.17686039005721463,1.843365027125015,415,0.9830945730209351,0.6556207221246249,bas1
35500,710.0,2.8963,3,240,256,13,0.09193030109599931,0.00038304292123333045,0.5708451087276141,0.13527805341192548,0.6700543481856585,0.18040105739005644,215,3,1.1162790697674418,0.19166666666666668,0.2154077251610704,-0.04389630772158077,-0.13105973478526045,45,0.5616304563151465,19,0.6006514100651992,24,0.5932239269216856,44,0.5201600525866855,24,0.5867470254500707,24,0.5609037118653456,29,0.6049880138758955,31,0.5840126487516588,0.15598970625107664,0.0013715423953461518,0.004662269480265858,0.16202351812668864,0.0023265280000013444,0.017163416718559893,0.17686040684524718,1.5990315008179012,415,0.9901981353759766,0.6556207221246249,bas1
36000,720.0,2.893,3,245,256,8,0.09429814629038447,0.0003848903930219774,0.5703623472427836,0.13402573068927223,0.6686275796014436,0.17964449605254548,217,3,1.1290322580645162,0.20816326530612245,0.21711362858845015,-0.039486676199380344,-0.11639983934265707,47,0.5617914738807273,19,0.6006514100651992,25,0.5894148540496826,45,0.5200463831424713,24,0.5867470254500707,25,0.5621506917476654,29,0.6049880138758955,31,0.5840126487516588,0.15704500591354276,0.0014069197332729484,0.0034866960114319956,0.1619386216582477,0.0023592960000013816,0.01728097228978174,0.17686029794802807,1.4045858955404302,416,0.9945821166038513,0.6556207221246249,bas1
36500,730.0,2.8913,3,251,256,2,0.09689879354846198,0.00038605097031259756,0.5722541837578276,0.133903331907985,0.6665438607156989,0.17858020266786578,222,3,1.1306306306306306,0.21115537848605578,0.2230304117086085,-0.02723307918566369,-0.1002402892539029,48,0.5663503588487705,19,0.6006514100651992,25,0.5894148540496826,47,0.5226389163352073,24,0.5867470254500707,27,0.5739480599209115,29,0.6049880138758955,32,0.5817508455365896,0.15765937349613549,0.0014453618435803918,0.0027977212907910774,0.16190245663050695,0.0023920640000014187,0.017349870483101625,0.17686026311360717,1.2420997210215905,416,0.9970818758010864,0.6556207221246249,bas1
37000,740.0,2.889,3,257,512,252,0.09969374040520051,0.0003879133867906635,0.5728814814109283,0.13407084435442013,0.6630271510855233,0.17930200484309283,224,3,1.1473214285714286,0.23346303501945526,0.22169291497097182,-0.04933672802705529,-0.07364386014294563,49,0.5663312570172914,19,0.6006514100651992,27,0.5934326626636364,48,0.5221480801701546,25,0.594849681854248,28,0.5696507532681737,29,0.6049880138758955,32,0.5817508455365896,0.158053920299913,0.0014868308548432853,0.0023497371696268032,0.16189048832438308,0.002424832000001456,0.017394673352305604,0.17686032967668722,1.1023139960500408,416,0.9984534978866577,0.6556207221246249,bas1
37500,750.0,2.8869,3,262,512,247,0.10236058905138634,0.0003906892711884975,0.5725021700140174,0.13385683104569845,0.6629498748833896,0.17923910307724197,227,3,1.1541850220264318,0.24427480916030533,0.2097622238941314,-0.03845940645051259,-0.07618993014783126,49,0.5664444802975168,19,0.6006514100651992,30,0.5808242698510487,49,0.5268485108200385,25,0.594849681854248,28,0.5696507532681737,29,0.6049880138758955,33,0.5824542894507899,0.15833512694854973,0.0015263933064693295,0.0020292834554806235,0.1618908037104997,0.002457600000001493,0.017427104076579256,0.17686030778707745,0.9802525797713328,416,0.9984719157218933,0.6556207221246249,bas1
38000,760.0,2.8838,2,267,512,243,0.10518215768024675,0.0003939406654690889,0.5714792835801729,0.13426184390226845,0.6639273343014807,0.1802262043150503,230,3,1.1608695652173913,0.2546816479400749,0.20807792505725867,-0.031109067335089,-0.08134959194567949,49,0.5664444802975168,21,0.5899586975574493,32,0.5787921212613583,50,0.5241473567485809,25,0.594849681854248,27,0.5688201067624269,30,0.6086988111337026,33,0.5824542894507899,0.16034712621743935,0.0015688021592320275,0.003752752669460046,0.16566868104613142,0.00249036800000153,0.01765222303814337,0.18083053608427324,0.9628005467334069,436,0.9706307649612427,0.502650958600267,bas1
38500,770.0,2.8796,1,275,512,236,0.10810646332538454,0.0003931144120923074,0.5716512054746801,0.1330645438412862,0.6641513435407118,0.17900047354064988,234,4,1.1752136752136753,0.2727272727272727,0.19139719944661773,-0.017344694349033817,-0.09001609438944273,53,0.5635721846571509,22,0.5832800323312933,34,0.578291209305034,51,0.5248264366505193,25,0.594849681854248,27,0.5688201067624269,31,0.6139926198990114,32,0.5878559211269021,0.16313273649089646,0.0016109378199262213,0.005918417938133833,0.1706620922489565,0.0025231360000015674,0.01796367654161144,0.18610263279056638,1.1450044596889808,455,0.966109573841095,0.13333287337908956,bas1
39000,780.0,2.8752,1,280,512,231,0.11174276749443379,0.0003990813124801207,0.5721200824848243,0.13324794692606304,0.6623620540968009,0.18002966425578998,237,4,1.1814345991561181,0.2785714285714286,0.15445634104586076,-0.060739031905551515,-0.08142152284464249,53,0.5635721846571509,22,0.5832800323312933,34,0.578291209305034,54,0.5283611913522085,25,0.594849681854248,27,0.5688201067624269,32,0.6089810840785503,33,0.5933924705693217,0.16517910357568483,0.0016658905225128114,0.003620023597000755,0.1704650176951984,0.0025559040000016045,0.018193515689503417,0.1861026293847002,0.9705118754620932,455,0.9780999422073364,0.13333287337908956,bas1
39500,790.0,2.8719,1,288,512,223,0.11551336485717911,0.0004010880724207608,0.5712390295747254,0.13306932915980796,0.660531603731215,0.179246039853728,244,5,1.180327868852459,0.2708333333333333,0.12985479739977318,-0.0464836992447428,-0.07513446831025233,54,0.5636062991839869,23,0.5918599418971849,36,0.5778459542327457,56,0.526056920843465,26,0.5874455009515469,27,0.5688201067624269,32,0.6089810840785503,34,0.5908399758970037,0.16619749995783883,0.00172272677773142,0.0024614697832732076,0.17038169651884347,0.0025886720000016417,0.01830959787910634,0.18610262239794817,0.8417974691149153,455,0.986396849155426,0.13333287337908956,bas1
40000,800.0,2.8694,1,290,512,221,0.11865460383705795,0.00040915380633468255,0.5692545901084768,0.13350811677865365,0.6597918499132682,0.17837134110032649,244,5,1.1885245901639345,0.2793103448275862,0.10594475818852976,-0.04218980123891965,-0.09282195940314807,55,0.5598888809030707,24,0.5836998907228311,36,0.5730702363782458,56,0.526056920843465,27,0.5874924803221667,27,0.5688201067624269,32,0.6089810840785503,33,0.5904119601755431,0.16673295439637656,0.001772958580447482,0.0018457432159287661,0.1703516561927528,0.002621440000001679,0.01837239102836395,0.18610260722111507,0.7401059006830861,458,0.9910771250724792,0.13333287337908956,bas1
40500,810.0,2.8671,1,293,512,218,0.12283719108745572,0.00041923956002544617,0.5689967611340533,0.13383415725984543,0.6601528333112241,0.17763134453336551,247,5,1.1862348178137652,0.2764505119453925,0.09487349062098914,-0.03775695082324469,-0.10256905501611059,55,0.5598888809030707,24,0.5836998907228311,36,0.5730702363782458,57,0.5238864657125974,28,0.5829979766692434,27,0.5688201067624269,33,0.6138068853002606,33,0.5904119601755431,0.167033434657574,0.0018363290926231989,0.0014779170077437976,0.17034768075794102,0.002654208000001716,0.018409178004252496,0.1861026507621918,0.6543726916725129,458,0.9950514435768127,0.13333287337908956,bas1
41000,820.0,2.8651,1,299,512,212,0.12702806225934182,0.000424843017589772,0.5699481303277223,0.13328328885646923,0.6617422015172582,0.17661561304086354,248,6,1.2056451612903225,0.29431438127090304,0.08875170835109158,-0.03791668580195444,-0.11882101731701393,57,0.560082757682131,25,0.591924432516098,39,0.5745852895272083,57,0.5238864657125974,28,0.5829979766692434,27,0.5688201067624269,33,0.6138068853002606,33,0.5904119601755431,0.16721729041242311,0.0018997477555819657,0.0012396610187544895,0.17035669918675958,0.002686976000001753,0.01843300758380421,0.18610273077056205,0.5806755606547789,458,0.9973292350769043,0.13333287337908956,bas1
41500,830.0,2.8639,1,310,512,201,0.131138063097751,0.00042302600999274514,0.5677587889855907,0.1336447229037027,0.6644393285436015,0.17615463406110854,257,6,1.206225680933852,0.2967741935483871,0.08529856616071929,-0.03729277178186339,-0.1399266308430972,58,0.5568115742042147,27,0.5818876072212502,39,0.5745852895272083,61,0.5222785546154273,29,0.5870449902682469,27,0.5688201067624269,34,0.6075117202366099,35,0.5912435335772378,0.16733969704953292,0.001961069906779898,0.0010714630874574685,0.1703722300437703,0.0027197440000017903,0.01845010489710506,0.18610259094087359,0.516383265671376,459,0.9972017407417297,0.13333287337908956,bas1
42000,840.0,2.8635,1,320,512,191,0.13469490016359487,0.000420921563011234,0.5680687927640975,0.1326930219475106,0.6641678499989212,0.1750305761241704,263,7,1.2167300380228137,0.303125,0.0912336381755546,-0.03152884433769413,-0.13605871694485047,64,0.559830510057509,27,0.5818876072212502,40,0.5726705849170685,62,0.5259913066702504,29,0.5870449902682469,28,0.569843301815646,34,0.6075117202366099,36,0.5857859883043501,0.16743016398482102,0.0020183811774888956,0.0009426222766353192,0.17039116743894525,0.0027525120000018275,0.01846388206733538,0.1861025375062788,0.4601908906124822,460,0.9977728724479675,0.13333287337908956,bas1
42500,850.0,2.864,1,332,512,179,0.13925215544077219,0.000419434203134856,0.5699263910751745,0.13272240001920516,0.6653197056737291,0.17346955949828768,271,8,1.2250922509225093,0.3102409638554217,0.10753600339580077,-0.023374476844873728,-0.14733385029134088,67,0.5599168485669948,27,0.5818876072212502,41,0.5708492805318135,66,0.5349666643323321,29,0.5870449902682469,29,0.5731900180208271,35,0.6117045283317566,38,0.5847650923227009,0.16749561402389146,0.002087365439255786,0.0008296678597479047,0.17041264732289516,0.0027852800000018646,0.01847517830120918,0.18610254562410247,0.4096844132239591,460,0.9986550807952881,0.13333287337908956,bas1
43000,860.0,2.8658,1,349,512,162,0.14402763570979005,0.00041268663527160474,0.5698474398827484,0.13209171455254023,0.6623456015286268,0.17373750040475594,281,8,1.2419928825622777,0.32951289398280803,0.11625234908782227,-0.034571921992869584,-0.12647081149690312,70,0.5602602149759021,27,0.5818876072212502,44,0.5658820867538452,71,0.5376984959756824,31,0.584536632222514,30,0.5763136198123296,37,0.6117861850841625,39,0.585283025717124,0.16754176596700301,0.0021596730167734533,0.0007344925926158302,0.17043593157639228,0.0028180480000019018,0.01848469951962032,0.1861025830960107,0.36485141139573285,460,0.9992258548736572,0.13333287337908956,bas1
43500,870.0,2.8683,1,357,512,154,0.14890237073996104,0.00041709347546207574,0.5712323746427435,0.13266307364412966,0.6625901230243074,0.1730052783651732,288,8,1.2395833333333333,0.3277310924369748,0.13667212849666105,-0.03132692881502346,-0.13481353937030316,70,0.557822465470859,27,0.5818876072212502,45,0.5643735316064623,71,0.5376984959756824,33,0.5870180428028107,33,0.5848344988895186,37,0.6117861850841625,41,0.5924584124146438,0.16757442049053406,0.0022334330579046324,0.0006526410460974924,0.1704604945945362,0.002850816000001939,0.018492953687886348,0.1861026322824206,0.3250186672598989,460,0.9992714524269104,0.13333287337908956,bas1
44000,880.0,2.8714,1,371,512,140,0.15375497133936733,0.0004144338850117718,0.5685853864947419,0.13169497500335503,0.6601586339448019,0.17271502583521964,298,8,1.24496644295302,0.33153638814016173,0.1534605080481944,-0.04284130175517322,-0.12645934213059162,74,0.5535517298691982,33,0.572131257165562,46,0.5629305658133134,72,0.5336599780453576,33,0.5870180428028107,33,0.5848344988895186,38,0.6112460745008368,42,0.5925049937906719,0.16759337412941389,0.0023092201016257545,0.0005834746672298771,0.17048606889826953,0.002883584000001976,0.018500217006176465,0.18610270190444403,0.28988724485960515,461,0.9991254210472107,0.13333287337908956,bas1
44500,890.0,2.8758,1,384,512,127,0.15935256850571022,0.00041498064715028704,0.5681863080244511,0.13126657952278412,0.6621335055679083,0.17281976753507505,305,8,1.259016393442623,0.3463541666666667,0.18229486806588094,-0.04465242653758906,-0.14525236151292356,76,0.5541008738310713,34,0.5736898350365022,47,0.561549002819873,76,0.5303860553785374,36,0.5867133281297154,36,0.5897445604205132,38,0.6112460745008368,41,0.5923034955815571,0.16759939765216958,0.0023941756355376374,0.0005187175359704179,0.17051229082367764,0.0029163520000020132,0.01850677026521942,0.18610270908889504,0.2582584180788102,462,0.9987815022468567,0.13333287337908956,bas1
45000,900.0,2.8806,1,397,512,114,0.16524791210031253,0.000416241592192223,0.5677785124226241,0.13115051159343563,0.6634007596248944,0.17113351375938224,314,8,1.2643312101910829,0.3501259445843829,0.2058423032289462,-0.03910934385854063,-0.15912531741071456,78,0.5501956080014889,34,0.5736898350365022,51,0.5603780886706184,78,0.5318459845506228,37,0.5833331402894613,40,0.5957241989672184,38,0.6112460745008368,41,0.5923034955815571,0.16759476882300905,0.0024834049530798536,0.0004611339125637947,0.17053930768865272,0.0029491200000020504,0.018512529495545074,0.18610271718419574,0.2300548286357042,462,0.9992822408676147,0.13333287337908956,bas1
45500,910.0,2.886,1,406,512,105,0.17109900381910847,0.00042142611778105534,0.5689249210463369,0.13182116973265032,0.663466434173396,0.17179140753475666,320,8,1.26875,0.35467980295566504,0.20520363983184506,-0.049436908032779926,-0.16229871967801082,79,0.5503882505471194,35,0.5686135172843934,51,0.5659887112823188,81,0.5334852680012032,38,0.5846844919418034,41,0.5993836631135243,39,0.6072044693506681,42,0.5964268304052807,0.16758224021291118,0.002570968598240581,0.00041358165729828394,0.17056679046845005,0.0029818880000020876,0.018517802915492775,0.18610270538394075,0.20516719756458252,463,0.9987425208091736,0.13333287337908956,bas1
46000,920.0,2.8923,1,424,512,87,0.17740672758372966,0.000418412093357853,0.5678457804727104,0.1309113054765904,0.661775067026885,0.1695359324527935,330,11,1.284848484848485,0.3608490566037736,0.19262117247213964,-0.052462183917320916,-0.1519340670200955,83,0.5486994687333164,35,0.5686135172843934,56,0.5597971874688353,85,0.5349986872252296,40,0.5785325862467289,43,0.601320565439934,39,0.6072044693506681,43,0.600476486738338,0.16756193619649612,0.0026660370771472213,0.0003669909873975417,0.17059496426104087,0.0030146560000021247,0.01852246300333914,0.18610277126437788,0.18274107644443716,463,0.9992326498031616,0.13333287337908956,bas1
46500,930.0,2.8999,1,438,512,73,0.1838265417391085,0.00041969530077422035,0.567828418389303,0.13108517756354313,0.6636575685652424,0.1693015834628332,343,11,1.2769679300291545,0.3515981735159817,0.18831008952227915,-0.04858430546765242,-0.16675417975689263,86,0.5474452968946723,35,0.5686135172843934,58,0.5583068528052034,91,0.5370565151775276,40,0.5785325862467289,47,0.6049178299751687,39,0.6072044693506681,42,0.6004695835567656,0.16753450843663975,0.0027624401538078563,0.0003266695080532436,0.17062361809850085,0.003047424000002162,0.01852657281398949,0.18610276691248817,0.16282401366121468,463,0.999232828617096,0.13333287337908956,bas1
47000,940.0,2.9085,1,459,512,52,0.19051718205446377,0.0004150701134084178,0.5694993033777914,0.13064332569845535,0.6652095214603773,0.16847187578841602,355,11,1.2929577464788733,0.37037037037037035,0.1905701209119393,-0.06151434530953779,-0.1759272788931647,91,0.5483716421729916,36,0.5745025293694602,61,0.5623498026464806,92,0.535477540091328,44,0.5757719366387888,50,0.6021526509523392,39,0.6072044693506681,46,0.6114440443723098,0.1674998373718951,0.002862372827050772,0.0002905730611806854,0.17065278326012656,0.003080192000002199,0.018530183217554865,0.18610277447767923,0.14504752273329896,463,0.9995669722557068,0.13333287337908956,bas1
47500,950.0,2.9183,1,479,512,32,0.19739511304942425,0.0004120983570969191,0.5696400768572701,0.13066070389222534,0.6666745532280717,0.1689493498818382,366,12,1.3087431693989071,0.37995824634655534,0.1957571129618188,-0.0661364615426701,-0.1840400497112297,94,0.5489353115888352,38,0.5855795380316282,64,0.5620768931694329,95,0.5328089042713767,46,0.5769155848285427,54,0.6024592049695827,41,0.5983992451574744,47,0.6129915955218863,0.16745804427416228,0.0029650835229926625,0.0002592993134708591,0.17068242711062578,0.003112960000002236,0.018533377940326865,0.18610284505095043,0.12926619363826,464,0.998997151851654,0.13333287337908956,bas1
48000,960.0,2.929,1,489,512,22,0.20454199881351087,0.000418286296142149,0.5700895428535641,0.13054911390417429,0.6642688962579505,0.16975291527379413,371,13,1.3180592991913747,0.3885480572597137,0.18499291376154936,-0.06759553723733014,-0.16469621845390686,96,0.5492786252871156,40,0.5871090985834598,66,0.560135081410408,98,0.5379617104724962,46,0.5769155848285427,54,0.6024592049695827,42,0.5949522029785883,47,0.6129915955218863,0.16741000686451468,0.003071666147450486,0.00023066890214249638,0.17071234191410767,0.0031457280000022733,0.018536241875947736,0.18610285579005315,0.11515406822243165,464,0.9993929266929626,0.13333287337908956,bas1
48500,970.0,2.9405,1,499,512,12,0.21176540462693083,0.00042437956839064294,0.5703061082081231,0.12973293707471706,0.6636213681740847,0.16924465718146017,375,13,1.3306666666666667,0.3967935871743487,0.18596073599993704,-0.0719553633108868,-0.15928609415284448,98,0.5498349122246917,41,0.5880362645881932,69,0.5595284886118295,99,0.537568953603205,47,0.576696127653122,55,0.6016140011223879,42,0.5949522029785883,48,0.6162743133803209,0.16735756071203076,0.003179601216859961,0.00020534822680664324,0.17074251015569736,0.0031784960000023105,0.01853877495605504,0.1861027891117501,0.10258861873167642,465,0.9996532201766968,0.13333287337908956,bas1
49000,980.0,2.9525,1,516,1024,507,0.21869475838684593,0.00042382705113729833,0.5693535308620726,0.1299535377307765,0.6605505664912306,0.1696497345883367,382,13,1.350785340314136,0.4127906976744186,0.18603506511881618,-0.07486488742623759,-0.13415528690521691,102,0.5483050597648994,42,0.5851763508149556,73,0.5590065476829058,103,0.539730547122585,48,0.5708771720528603,56,0.6006025219602245,42,0.5949522029785883,50,0.6171667349338531,0.16730146248268796,0.003283514844225638,0.00018778288990942268,0.17077276021682303,0.0032112640000023476,0.018541239697364775,0.18610273591418547,0.09180254174369284,469,0.9978005290031433,0.13333287337908956,bas1
49500,990.0,2.9654,0,531,1024,493,0.2265941096993629,0.00042673090338863067,0.5708195817448101,0.1306131014192624,0.659994594345883,0.16881591255482228,390,13,1.3615384615384616,0.423728813559322,0.20112238966411544,-0.06896952306434491,-0.1298166435338508,105,0.551081346046357,42,0.5851763508149556,75,0.5612638469537099,103,0.539730547122585,49,0.5674376578963533,62,0.6081490031173152,44,0.5957823382182554,51,0.6128060519695282,0.1672833279666495,0.0034014126305760258,0.001971074869701581,0.1726558154669271,0.003244032000002385,0.01854868190899817,0.18796046537592287,0.21503698689560566,485,0.9844833612442017,0.0,bas1
50000,1000.0,2.9774,0,560,1024,464,0.23498267185641453,0.0004196119140293117,0.5706882599209037,0.13073666048246166,0.6605699591870818,0.1688327120956995,406,13,1.3793103448275863,0.4357142857142857,0.2134388735382474,-0.06282383693668442,-0.1303248445737306,111,0.5504795989474734,44,0.5787150649861856,77,0.563403883924732,113,0.5423146512656085,51,0.5621261292812871,65,0.6071308406499716,46,0.5998804374881412,53,0.6156346263750544,0.16801625924449115,0.003526514873456618,0.001054122778312895,0.17259689689626068,0.003276800000002422,0.018640377347821938,0.1879604742440802,0.17052057775145898,485,0.9903045892715454,0.0,bas1
50500,1010.0,2.9905,0,573,1024,451,0.24221317749470472,0.00042271060644800127,0.5705866389249632,0.13053660312562276,0.6602956920498121,0.16861869628764362,415,13,1.380722891566265,0.43455497382198954,0.20719525602718739,-0.06382053435575774,-0.1374167092987392,112,0.5500033040131841,48,0.5789553932845592,81,0.5614295193442592,114,0.5428483946281567,52,0.559053337917878,65,0.6071308406499716,47,0.6014257479221263,54,0.6184096065936265,0.16831738015444941,0.0036338488454449825,0.0006336664900771487,0.17258489548997155,0.003309568000002459,0.018685127828651726,0.18796045531862082,0.14368504580444505,487,0.9930906295776367,0.0,bas1
51000,1020.0,3.0041,0,591,1024,433,0.25129058716993313,0.00042519557896773797,0.570517319057597,0.12960911759830532,0.6587027859970196,0.16828787630312336,426,13,1.3873239436619718,0.4433164128595601,0.18720791125778516,-0.07720907496757615,-0.12885148964749166,115,0.5515535541202711,49,0.576311992747443,83,0.5596309911055737,116,0.5433083690445999,54,0.5618544921830848,68,0.6066351966822848,49,0.599955757053531,57,0.6148329486972407,0.16841500316399732,0.0037688424541774666,0.0004108152938659289,0.17259466091204073,0.0033423360000024963,0.018708082865711226,0.18796040777774947,0.12360564301350814,488,0.9947084784507751,0.0,bas1
51500,1030.0,3.0192,0,622,1024,402,0.2614365463341528,0.0004203159908909209,0.5692211548135978,0.12894125048472432,0.6602077305891889,0.1668762769385327,438,14,1.4200913242009132,0.4646302250803859,0.1711603058194579,-0.07757569642237068,-0.13979642852090857,119,0.5524250319024094,52,0.5751217506252803,89,0.556657692019859,123,0.5391812050730233,57,0.5596690815791749,70,0.6083569931132453,50,0.6022828805446625,62,0.6120734589715158,0.1684016432451616,0.003921361073952968,0.0002924885113440981,0.17261549283045866,0.0033751040000025334,0.018720032457000345,0.18796042128745646,0.108004218142061,489,0.996565043926239,0.0,bas1
52000,1040.0,3.0361,0,652,1024,372,0.27238943986594677,0.00041777521451832325,0.5693118040181376,0.12874883286960326,0.6591938929232352,0.16636986688768135,453,14,1.4392935982339956,0.48006134969325154,0.15121019000572758,-0.08106244741617863,-0.1326154235857447,125,0.555050238609314,54,0.5715962030269481,92,0.5594826224057571,132,0.5376033232067571,60,0.5630979160467784,73,0.6079095646943131,51,0.6052628241333307,65,0.607324681373743,0.16832973103346768,0.004086134807433311,0.0002257443863052205,0.1726416102272062,0.0034078720000025706,0.018726706952993194,0.18796044518019683,0.09517681929722428,489,0.9980962872505188,0.0,bas1
52500,1050.0,3.0543,0,680,1024,344,0.28389720266568474,0.00041749588627306583,0.5720581385142663,0.12882762235315767,0.660017825443955,0.16589832523157053,469,14,1.4498933901918976,0.48676470588235293,0.13369758165844323,-0.07832974643256725,-0.14071473601071408,133,0.5546903538524657,55,0.570600560578433,92,0.5594826224057571,136,0.5429056742612053,63,0.5651339027616713,78,0.6121986443415667,54,0.61166736152437,69,0.6108716765175695,0.16822655491280236,0.004258737193816011,0.00018499879796713388,0.1726702909045855,0.0034406400000026077,0.018730781760033732,0.18796043266461662,0.08431030151679991,489,0.9989724159240723,0.0,bas1
53000,1060.0,3.0742,0,715,1024,309,0.29581148241413757,0.00041372235302676585,0.5716067552566528,0.12853722375496543,0.6593710714286858,0.16528808584487564,487,15,1.4681724845995894,0.4993006993006993,0.11952167124969687,-0.06745960519161096,-0.13739433436420986,139,0.5547039438065865,58,0.5790824242706957,97,0.5574113603719731,145,0.5415199551089057,66,0.5656735039118564,84,0.6152792164967174,56,0.6045729060258184,70,0.6077845369066511,0.16810662243174612,0.004436390165963075,0.00015735799362612783,0.1727003705913353,0.003473408000002645,0.018733546008346355,0.18796050859967903,0.0748890103077195,489,0.9994542002677917,0.0,bas1
53500,1070.0,3.0954,0,739,1024,285,0.30737674361807876,0.00041593605361039075,0.5723868950455373,0.12866059802843083,0.6587844250247347,0.16535971684295891,501,15,1.4750499001996007,0.5020297699594046,0.09017730689267121,-0.0749730203239991,-0.13616312256713586,142,0.5560697684405556,60,0.5737637897332509,101,0.5579208755257106,151,0.5424398025929533,69,0.5638696551322937,85,0.615886497146943,58,0.6048709154129028,73,0.6165464487794328,0.1679799687972387,0.004606102016670449,0.0001446267962417181,0.17273069761015086,0.003506176000002682,0.01873594150890562,0.1879604631190538,0.06709779950982239,492,0.9969978928565979,0.0,bas1
54000,1080.0,3.1181,0,772,1024,252,0.31921245891135186,0.00041348764107688063,0.5719971650622669,0.12747761573630914,0.6577812225166998,0.16410893160890724,514,15,1.5019455252918288,0.5129533678756477,0.0816536998164529,-0.07730051569004867,-0.12990584535624408,154,0.5560917295031733,60,0.571027280886968,108,0.5594561221422972,159,0.5430438782808915,69,0.5638696551322937,87,0.6162611482472256,60,0.6036976595719655,75,0.6156429962317149,0.16784883044396606,0.004781721664479741,0.0001307041818510774,0.17276125629029687,0.003538944000002719,0.018738155397997603,0.18796046768829175,0.06013789291727633,493,0.9966988563537598,0.0,bas1
54500,1090.0,3.1427,0,805,1024,219,0.32968753993554856,0.00040954973905037086,0.5730403669872639,0.12738697125397513,0.6586499107920605,0.16318404474561476,530,16,1.5188679245283019,0.5229813664596273,0.07780076361174904,-0.08295743674649712,-0.13045580303135257,158,0.5553366364557532,65,0.5671680620083442,114,0.5607050181480876,165,0.5464080561291088,71,0.5634272828908033,92,0.6188738449760105,64,0.6022555381059647,76,0.6200867926603869,0.16771356161823275,0.0049382266425295595,0.0001396432532661432,0.17279143151402845,0.0035717120000027564,0.01874076170848012,0.1879604812225058,0.05567952295802622,497,0.9949131011962891,0.0,bas1
55000,1100.0,3.1688,0,839,1024,185,0.34263182291397243,0.0004083811953682627,0.5732300959625176,0.12686372271273105,0.6577974092548311,0.1630344082560754,546,16,1.5366300366300367,0.5303933253873659,0.08321320282970723,-0.09134536150240136,-0.1209380798054981,165,0.5568578916968722,67,0.5688780773041854,119,0.5576340235581919,171,0.5445056418229265,74,0.5663160891146273,97,0.6214751705680925,68,0.6021727393655216,78,0.6196990414307668,0.1675724340064731,0.005130317446153871,0.00011843699490816738,0.1728211884475351,0.0036044800000027935,0.018743843908765646,0.18796055235629797,0.049864988472397474,498,0.9958256483078003,0.0,bas1
55500,1110.0,3.1959,0,868,1024,156,0.35699712921268656,0.0004112870152219891,0.5742204622601583,0.12667782718688392,0.6588926642858488,0.1624397183760611,560,16,1.55,0.5380184331797235,0.08958921540387564,-0.09920518607431295,-0.13152778862221884,171,0.5563531795091796,67,0.5688780773041854,123,0.5580451648409773,178,0.5457578060332309,76,0.5681152579031492,100,0.6239281994104385,69,0.6000198514565177,84,0.6240088372003465,0.16741072007340796,0.005340945472684263,0.00010010395317752117,0.17285176949926975,0.0036372480000028307,0.018746015102984754,0.18796053660225168,0.044322092179841815,499,0.9963924288749695,0.0,bas1
56000,1120.0,3.225,0,911,1024,113,0.37265736061453936,0.00040906406214548776,0.5769258902441918,0.12632375183926856,0.6586792499775682,0.16098960579651433,577,16,1.5788561525129983,0.5554335894621295,0.1156527720083179,-0.08994757325675494,-0.13116692966231266,176,0.5559430201961235,69,0.5705083621584851,134,0.5651271547844161,186,0.5484937035268352,79,0.5704101761685142,106,0.6263604563362194,71,0.6015344178172904,90,0.6272890435324775,0.1672275925287643,0.005571407606028229,8.396394450558035e-05,0.1728829640792981,0.003670016000002868,0.018747629136229647,0.18796057721552487,0.039330350476426315,499,0.9977962374687195,0.0,bas1
56500,1130.0,3.256,0,948,1024,76,0.38929299304800224,0.0004106466171392429,0.5760861646839838,0.12648718113333296,0.6563380210962979,0.16238972094036092,593,16,1.5986509274873524,0.5654008438818565,0.12824032430489046,-0.1000245066643684,-0.11546408932224196,180,0.5553655328022109,72,0.5649652303093009,141,0.5647266912967601,194,0.5493725080465534,85,0.5748296779744765,113,0.6217691080760112,71,0.5978345803811517,92,0.6273366799173148,0.16702195784086266,0.005817419741143828,7.517812278101385e-05,0.1729145557047875,0.003702784000002905,0.018748910853977854,0.18796068255876244,0.03520159776037234,501,0.9974686503410339,0.0,bas1
57000,1140.0,3.289,0,994,1024,30,0.4073502885403286,0.00040980914340073304,0.5763489308071809,0.1260844950802995,0.6541397725072665,0.16221949306033426,610,16,1.6295081967213114,0.5804828973843058,0.1580797674310516,-0.09521445811051929,-0.1029297776611136,188,0.5556566085904202,75,0.5643007441361745,148,0.5665050209374041,202,0.5492052794388025,88,0.5749762440946969,123,0.6234579522435258,71,0.5978345803811517,99,0.6221528953374035,0.16679624912143518,0.006084238913191998,6.581294330492816e-05,0.1729463009779321,0.003735552000002942,0.01874996057862594,0.18796070955655508,0.031348240148481483,501,0.9973829984664917,0.0,bas1
57500,1150.0,3.3236,0,1039,2048,1009,0.42648900196218165,0.00041048027137842317,0.5772471130181093,0.12628927622572558,0.6520584812522279,0.16244047071943146,630,16,1.6492063492063491,0.5909528392685275,0.16559692073514062,-0.10654449163839107,-0.09150797737181733,193,0.5579450808349669,77,0.5614988362634337,153,0.5680383011406543,210,0.5499035287471045,93,0.5749733701188077,133,0.6219861832328308,73,0.5915390212241918,107,0.6268439624354104,0.16655388012303335,0.006365953173136166,5.830033270673901e-05,0.17297813362887626,0.0037683200000029793,0.018750929374006558,0.18796074300287985,0.02799102309002073,502,0.9978340864181519,0.0,bas1
58000,1160.0,3.3603,0,1087,2048,961,0.4465504537183733,0.0004108099850215026,0.5779950618743896,0.12605300891962234,0.6508508464175841,0.16235286649522457,645,17,1.6852713178294574,0.6053357865685373,0.1808725129227633,-0.09355362231185951,-0.08656920221540372,203,0.5594471044141084,82,0.564941662113841,161,0.5654058125078308,222,0.5518432885139912,97,0.5756707354304716,139,0.6242097588323003,75,0.5955197127660116,108,0.6257306632620317,0.16629872365008574,0.006659627159997655,5.179757748069536e-05,0.1730101483875641,0.0038010880000030165,0.018751691867207196,0.18796075225476827,0.02501609661858687,503,0.9983214735984802,0.0,bas1
58500,1170.0,3.3993,0,1149,2048,899,0.4668686974764569,0.00040632610746427927,0.577341896746862,0.12549112210698646,0.6517885355870552,0.16128891154066122,666,17,1.7252252252252251,0.6196692776327241,0.1852832351895468,-0.08777110119571158,-0.09789539606127763,211,0.5596493058860019,93,0.5607487812478055,173,0.5650677193451479,236,0.5491389517309302,99,0.5757784756145092,152,0.6270110111095404,76,0.5936526569880938,109,0.6270765725078933,0.16603436967907315,0.0069543198470193475,5.3031690385708435e-05,0.1730417212164782,0.0038338560000030536,0.018752881140660004,0.18796074635713517,0.022860154648803442,505,0.9969826936721802,0.0,bas1
59000,1180.0,3.441,0,1199,2048,849,0.48759397558751516,0.0004066672023248667,0.5787285875289812,0.12554948389343779,0.6525048733105552,0.1600018490074699,678,17,1.7684365781710913,0.6363636363636364,0.18539925289925974,-0.07836732775631504,-0.10186720232241754,221,0.5583893071472376,95,0.5596558799869136,180,0.5640278950333595,244,0.5507474233869647,102,0.579026975760273,164,0.6286052216480418,76,0.5964005024809587,117,0.6319520725653722,0.16575972380976273,0.007250121265817816,6.311675405420387e-05,0.17307296182963475,0.0038666240000030908,0.018754442658263884,0.18796078048789555,0.02143275959936784,504,0.9950647354125977,0.0,bas1
59500,1190.0,3.4842,0,1263,2048,785,0.5091248696517141,0.00040310757692138885,0.579990591048628,0.12542999443077726,0.6520041135314525,0.15990033577764748,700,17,1.8042857142857143,0.6460807600950119,0.1753079423876152,-0.06889497031225707,-0.10187147934173466,234,0.5582641729941735,101,0.5557180920449813,187,0.5648330716207066,259,0.5542902846363981,106,0.5831455082263587,177,0.6322370658149827,78,0.5934328215244489,121,0.6328484297783907,0.16548065425607833,0.007558838314220163,6.432140080504923e-05,0.17310381397110355,0.003899392000003128,0.018756310402006954,0.18796073237310737,0.01988880695841382,508,0.9926075339317322,0.0,bas1
60000,1200.0,3.5306,0,1316,2048,732,0.532186645330512,0.00040439714690768385,0.5796740448221247,0.1250602939785184,0.6521482251833638,0.1589089052258057,719,18,1.8303198887343533,0.6504559270516718,0.17080015029711124,-0.06613069840992444,-0.106570759456681,242,0.5584890576433544,108,0.5555724887936203,191,0.5631986742556407,275,0.5558500772172754,109,0.5820868808195132,186,0.6338743629955477,80,0.5932211935520172,125,0.6276747777462005,0.1651923064031784,0.007890689282375565,5.160004942264155e-05,0.1731345957349766,0.003932160000003165,0.018758228812514405,0.18796066454748786,0.01766633136196948,508,0.9939152598381042,0.0,bas1
60500,1210.0,3.5792,0,1368,2048,680,0.5555622720203246,0.0004061127719446817,0.5804833585930149,0.12461673553300526,0.6518535912690455,0.15843577049272436,736,19,1.858695652173913,0.6578947368421053,0.1670727941508635,-0.0670186259636676,-0.10850275051574991,249,0.5587738394497868,114,0.5578988654571667,200,0.563190211802721,286,0.5581049905581907,110,0.5811593234539032,197,0.6339005771929842,81,0.5947674292105215,131,0.6269305889843074,0.16488985379237486,0.008227658995222415,4.8300443387899416e-05,0.17316581323098518,0.003964928000003202,0.0187596708334406,0.18796055606442258,0.016147055195339877,510,0.9934442043304443,0.0,bas1
61000,1220.0,3.6301,0,1426,2048,622,0.5802392871082702,0.0004068999208332891,0.5790563374130789,0.12475715696231801,0.6527518941635504,0.15817146215220793,754,19,1.8912466843501325,0.6697054698457223,0.16555081300863425,-0.0766674595933878,-0.1176277902044343,262,0.5578767082845891,120,0.5576410847405593,210,0.5631251394748688,295,0.5571833456976939,114,0.5810103581139916,206,0.6309912580888248,83,0.5902938828410873,136,0.6236365505439394,0.1645718905641828,0.008585206161128012,4.0099637584791654e-05,0.1731971963628956,0.003997696000003239,0.018761035273977208,0.18796053563686957,0.014508700726756214,510,0.9937029480934143,0.0,bas1
61500,1230.0,3.6843,0,1485,2048,563,0.6061080320687324,0.00040815355694864136,0.5787684602368159,0.1245022482703054,0.6525046879193598,0.1578111016590063,771,22,1.9260700389105059,0.6808080808080809,0.16526606352730797,-0.08118874959105671,-0.11742969159805543,273,0.559013748671109,125,0.5562989392280578,226,0.5633102983763788,299,0.5560465831820383,118,0.5816496527296001,217,0.6301328283026472,85,0.5901685609537013,142,0.6212618057156952,0.1642324045569748,0.008963247615803603,3.330244946035263e-05,0.17322895462223875,0.004030464000003276,0.018762106955666207,0.18796059757790168,0.013117872062873591,510,0.9957741498947144,0.0,bas1
62000,1240.0,3.7404,0,1548,2048,500,0.6336987057547958,0.0004093660889888862,0.5790674301581481,0.12427712841919242,0.6520109090963692,0.15750650030708926,789,22,1.961977186311787,0.6905684754521964,0.17058748530019832,-0.07229936211174995,-0.11721524739417276,288,0.5576188309739033,131,0.5601772247379972,231,0.5620690722228129,312,0.5582257525470012,120,0.5796495981514453,235,0.6299734943724693,85,0.5901685609537013,146,0.6208801438955411,0.16387000288237857,0.009364177487337118,2.6807769236093083e-05,0.17326098813895177,0.004063232000003313,0.01876282580553716,0.18796058194448562,0.011621942673277569,508,0.9969745874404907,0.0,bas1
62500,1250.0,3.7993,0,1627,2048,421,0.6635470646979229,0.00040783470479282294,0.579164293366264,0.12396125805570392,0.6519972345692729,0.15678107146213283,818,23,1.988997555012225,0.6951444376152428,0.178265611912319,-0.06537077698875972,-0.11986877511103973,299,0.5569514341178945,135,0.5586937659316593,242,0.5600727053959508,334,0.5598383858175335,125,0.580351265668869,250,0.6310911856889725,89,0.5916617418942827,153,0.6199343325265871,0.16347104022939923,0.009799141880100448,2.3018133031213597e-05,0.1732932002425309,0.00409600000000335,0.018763285147634416,0.18796048539016197,0.010396725744570075,502,0.9978718161582947,0.0,bas1
63000,1260.0,3.8607,0,1685,2048,363,0.69498081405618,0.0004124515216950623,0.5809924956245309,0.12389148405256742,0.6521380645231253,0.15647081993236925,835,24,2.0179640718562872,0.7026706231454006,0.1775330807222078,-0.06961803416683963,-0.12464596931620735,310,0.5587694916032976,136,0.5603894987965331,253,0.5601940486035328,345,0.5613923093546992,130,0.5847824814227911,260,0.631620466365264,93,0.594314960382318,158,0.6241586374331124,0.16304435908731416,0.0102553805361161,2.5476916815261816e-05,0.17332521654024552,0.004128768000003388,0.018763955978663746,0.1879604045189059,0.009664330568669026,500,0.9966694712638855,0.0,bas1
63500,1270.0,3.9247,0,1761,2048,287,0.7286769166057638,0.0004137858697363792,0.5816523867835381,0.12360744329492769,0.6513798451437184,0.1565739040055623,856,25,2.057242990654206,0.7103918228279387,0.1762221556780972,-0.07187538833833387,-0.1208917943193043,324,0.558399531484386,144,0.5610232479456398,264,0.5598479461940852,360,0.5637480730811755,134,0.5842271095781184,272,0.6337489916340393,98,0.5925361380285147,165,0.624831473827362,0.16258982292076576,0.010744832381703703,2.2676233557997403e-05,0.17335733153602748,0.004161536000003425,0.018764564856803268,0.18796036039282732,0.008693927058485196,497,0.9970564246177673,0.0,bas1
64000,1280.0,3.9909,0,1822,2048,226,0.7636209562733711,0.0004191113920270972,0.5831350487555683,0.12355895994960818,0.6514167552067602,0.1561285250367095,869,26,2.096662830840046,0.7178924259055982,0.16815624836221438,-0.06931656459237497,-0.1252366856387473,337,0.5601496129609004,146,0.5640339241044162,271,0.56043927344009,370,0.5666865190138688,136,0.5850680562503198,285,0.6335042774677276,102,0.5909270328633925,175,0.6251834235872541,0.16211387169711883,0.011246941435479699,2.830455418663163e-05,0.17338911768678514,0.004194304000003462,0.018765562984470897,0.18796037667125257,0.008242795302964115,498,0.9947072267532349,0.0,bas1
64500,1290.0,4.0604,0,1910,2048,138,0.800302554605878,0.0004190065730920827,0.5836717127973496,0.12301168675273905,0.6505478781399302,0.15556119145687497,882,27,2.165532879818594,0.7329842931937173,0.15197767821324165,-0.06619655677431323,-0.12213160731323522,351,0.5606549783819421,150,0.563235032359759,290,0.5580593514031378,389,0.5681804008686144,142,0.5881238197776634,306,0.633854982607505,105,0.5913950661818187,177,0.6277330073259645,0.1616160924152999,0.01177904157199427,2.5607249788742696e-05,0.17342074123708293,0.004227072000003499,0.018766728714170528,0.18796039795124997,0.007647429695698309,495,0.9944524765014648,0.0,bas1
65000,1300.0,4.1327,0,1981,2048,67,0.8380030029875343,0.000423020193330406,0.5834372230607533,0.12257588127656506,0.6514541471112804,0.1554681622900127,903,29,2.193798449612403,0.7385159010600707,0.13594691143902088,-0.06646826543826889,-0.13406327606704302,363,0.5596936639839625,157,0.5600664336590251,299,0.5574282848316691,401,0.5678907364532537,146,0.5867566723529607,321,0.635600286016583,111,0.5896994592370214,183,0.6292014226235979,0.16109817439501264,0.01232713353020573,2.683174666586492e-05,0.17345213967188425,0.004259840000003536,0.01876811725868808,0.18796041693056878,0.007407563080999538,500,0.9938719272613525,0.0,bas1
65500,1310.0,4.2082,0,2079,4096,2017,0.8752426082828606,0.00042099211557617154,0.5833636559420563,0.12258333877921589,0.650662708219397,0.15522040033616102,931,30,2.2330827067669174,0.7450697450697451,0.11794266157382546,-0.06875617741223859,-0.1310046309609256,378,0.5592602711348307,166,0.5588474354471069,321,0.556250778964004,414,0.5710613013465623,149,0.5850641031393269,338,0.6365393434579556,121,0.5838970032112658,192,0.6286026993766427,0.1605716698351343,0.012861705644498761,4.96695313325486e-05,0.1734830450109656,0.004292608000003573,0.018770028571830046,0.18796046558279206,0.008495710805462409,504,0.9894025325775146,0.0,bas1
66000,1320.0,4.2879,0,2182,4096,1914,0.914497428577306,0.00041910972895385244,0.5827987174939716,0.12235972907942809,0.6502728420151799,0.15528413799490612,955,30,2.2848167539267017,0.7538955087076077,0.11022915409197559,-0.06990099075907108,-0.13154791502358604,405,0.5585032193749039,172,0.5572841744436774,337,0.5572814331210332,433,0.5710668223834754,153,0.5845423221977708,354,0.6361326828683164,125,0.5810036294460297,203,0.6270588372141269,0.1600432456154998,0.013430527756648401,3.933251672103685e-05,0.17351310588886923,0.0043253760000036105,0.018772706955659864,0.18796043684452549,0.007988780211541138,506,0.9895104169845581,0.0,bas1
66500,1330.0,4.3717,0,2293,4096,1803,0.9550262436932826,0.0004164963993429056,0.5831558908040587,0.12212321971752231,0.6487992513117393,0.1552516046192632,979,30,2.342185903983657,0.7623201046663759,0.10844654631768748,-0.06925001628355737,-0.1223183917997318,431,0.5594184527264394,181,0.5547490473939569,349,0.5573751771005997,457,0.5736053947938089,156,0.5855065949070148,376,0.637371939309734,130,0.5787095182217085,213,0.6233465226603226,0.15950019213602423,0.014017999245410147,2.6063831869127613e-05,0.1735442552133035,0.004358144000003648,0.018774328654093633,0.18796043986739347,0.007004489484818846,503,0.9929243922233582,0.0,bas1
67000,1340.0,4.4598,0,2409,4096,1687,0.9960891427108436,0.000413486568165564,0.5837536995071453,0.12207637792962298,0.6473641381094495,0.15482409952682152,1005,31,2.3970149253731345,0.7679535076795351,0.10851115046083755,-0.06403973118764643,-0.11373799776874202,441,0.5600440681250998,191,0.5560482894874992,370,0.5566254398307284,478,0.575439728952352,162,0.5850581863412151,408,0.6389192588919518,136,0.5742734935792053,223,0.6211063796362,0.15894121294783942,0.01461013834775026,2.4462104599474777e-05,0.17357581340018916,0.004390912000003685,0.018775609273476396,0.18796051067366187,0.0067192905756520115,505,0.9939499497413635,0.0,bas1
67500,1350.0,4.5529,0,2548,4096,1548,1.0396609431227262,0.0004080301974578988,0.5835401465417451,0.12198458686244912,0.647000234884033,0.15484811274974522,1040,34,2.45,0.7755102040816326,0.10981468950952537,-0.06343561782470393,-0.11246943074662144,453,0.5598064788656256,213,0.5508784205421036,396,0.5568478905943909,510,0.5765589131444109,172,0.5863732692114142,435,0.6395792308209957,138,0.5740704106679861,231,0.6193903035673745,0.1583512129023163,0.015237424677652683,1.9019718452007033e-05,0.17360765729842098,0.004423680000003722,0.018776499626320386,0.18796047692473764,0.00599492170092414,504,0.9948983788490295,0.0,bas1
68000,1360.0,4.6501,0,2689,4096,1407,1.0861910953608458,0.000403938674362531,0.5832434461856252,0.12183588399810913,0.6479538027107072,0.15460097517401392,1080,34,2.4898148148148147,0.7783562662699889,0.11815110115698925,-0.07196970476165916,-0.1214033297947304,471,0.5589677461140221,228,0.5479530109125271,418,0.5555705208527414,535,0.5775445177176288,178,0.5897391415044163,474,0.6389891851048932,140,0.5719650815640177,245,0.6162864687491436,0.15771490702779228,0.015908345276305844,1.676468192589423e-05,0.17364001698602405,0.004456448000003759,0.018777039455298437,0.18796060844131873,0.005459588339488973,506,0.9955926537513733,0.0,bas1
68500,1370.0,4.752,0,2811,4096,1285,1.1361913465989346,0.00040419471597258436,0.5831752343455144,0.12202799321873009,0.6482077138952325,0.15402791181724126,1112,36,2.527877697841727,0.7822838847385272,0.12398033106650004,-0.07168940724287849,-0.12702171738388368,483,0.5583369961436491,236,0.5476549567054894,436,0.5552463279951603,566,0.5771695655563274,185,0.5885688784960154,503,0.6391509392744978,148,0.5691713978712624,254,0.6181155112315351,0.15702491103919644,0.01662991987876805,1.737341453120001e-05,0.1736722043324957,0.004489216000003796,0.018777606177480262,0.18796059450997216,0.005158880859400609,505,0.9953028559684753,0.0,bas1
69000,1380.0,4.8582,0,2931,4096,1165,1.1881146419109427,0.00040536152914054683,0.5838607696696216,0.12179378785291202,0.6481569814970777,0.15375876044125308,1133,36,2.58693733451015,0.7908563630160355,0.1364409288526014,-0.07252251258741994,-0.1310052732742231,501,0.558030390215967,243,0.5511587168944716,457,0.5557874514837494,588,0.5759062088873922,192,0.5884808815705279,534,0.640797731525889,153,0.5678401252413108,263,0.6201883991861524,0.15628799746741512,0.017379516998798444,3.589620519923893e-05,0.1737034106714128,0.0045219840000038335,0.01877912229367537,0.18796054896508432,0.00634572619033328,510,0.992656409740448,0.0,bas1
69500,1390.0,4.9693,0,3068,4096,1028,1.243326611314842,0.0004052563922147464,0.584970775510839,0.12142655612868566,0.6481751702152766,0.15344433745211408,1164,37,2.6357388316151202,0.7969361147327249,0.14588252803726887,-0.07723739164091595,-0.13505452414819824,522,0.5574576501873718,257,0.551135420683293,465,0.5558395658129005,620,0.578499030970758,198,0.5900306167325589,567,0.6423945913134008,161,0.5658097709558025,278,0.6214448810695744,0.15550924104478564,0.01817274106190998,5.082870868910146e-05,0.17373281081538472,0.004554752000003871,0.018782370607689298,0.18796042942307015,0.007599072538126734,517,0.9897237420082092,0.0,bas1
70000,1400.0,5.0852,0,3222,4096,874,1.3035027145087952,0.00040456322610452983,0.5850867502423712,0.12121429087778866,0.6482797740669002,0.15313245837736272,1199,39,2.687239366138449,0.8038485412787089,0.15790945845097304,-0.08135377487766725,-0.13818279731811914,540,0.5573305692385744,267,0.5514780711591913,491,0.5561895161078079,648,0.5783331128366199,209,0.5880831512823059,606,0.6429737571737554,170,0.5658003931536394,291,0.6197934881928041,0.1546734026956469,0.019049088142611567,4.015830398247023e-05,0.17376264914224093,0.004587520000003908,0.018785339111655208,0.18796046825389223,0.007838902806087763,515,0.9907615184783936,0.0,bas1
70500,1410.0,5.2071,0,3399,4096,697,1.3635369520779932,0.00040115826774874764,0.5856005444215234,0.1209266935398697,0.6485967503186008,0.15291240894401642,1235,42,2.7522267206477733,0.8096498970285378,0.16097797950019957,-0.08540532023244046,-0.14242485531965193,562,0.5572042248851464,278,0.5529223677280138,519,0.5569475693394913,690,0.5792613482993582,221,0.5877827231970308,647,0.64393514233542,177,0.5618860379787488,305,0.6192429226930024,0.15379361087976606,0.01991510618687711,8.309591994986935e-05,0.17379181298659305,0.004620288000003945,0.018788912105480535,0.18796043709206964,0.011372037100378565,521,0.9877694249153137,0.0,bas1
71000,1420.0,5.3333,0,3551,4096,545,1.4286822739195486,0.0004023323778990562,0.5861762008744876,0.12025721189863331,0.6485383995517279,0.15271755277705426,1266,44,2.8048973143759874,0.8135736412278232,0.15899881196521648,-0.09330738696435145,-0.14260188637048654,589,0.5569896409082493,284,0.5520381800515551,539,0.5567700064469799,721,0.5796776914067473,235,0.5887321018158121,686,0.6446290447569449,189,0.5639816915232038,308,0.62162074795017,0.15290084349531638,0.02085205025485262,6.699600998343658e-05,0.17381988976015245,0.004653056000003982,0.018793603365854398,0.18796043712600286,0.010752761398475617,517,0.9872700572013855,0.0,bas1
71500,1430.0,5.4646,0,3702,4096,394,1.4955525254299573,0.000403985014972976,0.5862430256727513,0.11955206937469998,0.6485886558737386,0.15228111021068713,1293,45,2.863109048723898,0.8217179902755267,0.15322727190674168,-0.10638079048050036,-0.143694644658172,610,0.5568563060682328,295,0.55215017654128,564,0.5570595419258936,751,0.5789647511889868,249,0.5887117317642074,724,0.6446731535522319,195,0.5651153877759592,314,0.6216268709320931,0.1519851496398936,0.021814748429791836,4.963401660152837e-05,0.17384953208628695,0.004685824000004019,0.01879669440441355,0.18796040249069648,0.00968513370295382,518,0.9878913760185242,0.0,bas1
72000,1440.0,5.6026,0,3885,4096,211,1.5614923472312512,0.00040192853210585614,0.5859091945750066,0.11890906183560217,0.6480999279129612,0.15226527250177585,1324,47,2.9342900302114803,0.8285714285714286,0.1405771539723448,-0.12640528708253929,-0.13847925684785248,639,0.557085051689536,307,0.5530277518767875,587,0.5552254451702157,787,0.5798550067514446,261,0.5900501515216754,773,0.6430343747678734,202,0.5642836943711385,329,0.6175779906812048,0.15106046521391095,0.02276387818292172,5.47959237449943e-05,0.17387913932057766,0.004718592000004056,0.018799738081539476,0.18796028540211307,0.010205498755937634,521,0.9868650436401367,0.0,bas1
72500,1450.0,5.7482,0,4084,4096,12,1.629526834072749,0.00039900265280919415,0.5872182942029311,0.11845190306879648,0.6474183374955652,0.15191809274112708,1357,50,3.0095799557848193,0.8327619980411362,0.12691614841020982,-0.13139773441118346,-0.13211648363118947,660,0.5576911318482775,322,0.5530942138862907,619,0.5552780057675234,839,0.5831614010950663,269,0.5899091113677255,820,0.643997865370134,210,0.5642649695986793,345,0.6196466213551121,0.1501171183780471,0.023743349416773522,4.8576689689844126e-05,0.17390904448451047,0.0047513600000040936,0.018802482189453205,0.1879601666739596,0.009924994066498525,524,0.9873298406600952,0.0,bas1
73000,1460.0,5.9012,0,4280,8192,3912,1.6983512110782613,0.00039681103062576197,0.5876077554075517,0.11795819473695096,0.6466218835700338,0.15183469075949074,1388,54,3.0835734870317,0.8373831775700935,0.12578980754887828,-0.1437135188541952,-0.12596775970699217,693,0.5583277903765999,330,0.5537763675053914,641,0.5542649400773547,884,0.582723108554318,281,0.5908491003767875,883,0.6441690873181698,218,0.5635541116972582,350,0.6205659455060959,0.1491554662999271,0.0247308454902111,5.266079784936264e-05,0.17393897258798754,0.004784128000004131,0.018805392143856223,0.18796023673183965,0.010369827483987043,531,0.9873682260513306,0.0,bas1
73500,1470.0,6.0607,0,4491,8192,3701,1.7701621508604148,0.00039415768222231457,0.5882226515787796,0.11731459857427534,0.646406395534608,0.15145133220019366,1415,56,3.173851590106007,0.8441327098641728,0.11709025579516437,-0.15506612493387137,-0.12364447038931932,724,0.5581302690160209,341,0.5543074792256453,675,0.5530171010229322,937,0.5844901807471045,298,0.5940756720784527,928,0.6445883190708941,227,0.5647977538045807,361,0.6211283102920511,0.14816948107902267,0.025756817743208666,4.2736669492017914e-05,0.17396903549172335,0.004816896000004168,0.01880794429508944,0.18796008378680862,0.009589379010046865,530,0.9893679022789001,0.0,bas1
74000,1480.0,6.2274,0,4698,8192,3494,1.8436216074151162,0.00039242690664434144,0.5890593721086089,0.11719325831693567,0.6459215137173441,0.15106300348595966,1445,58,3.25121107266436,0.8516389953171563,0.11499689947052465,-0.1692290944966585,-0.12066710495875575,756,0.5586246798041636,351,0.5549318303070178,700,0.5529268105115209,975,0.5858732665502108,311,0.5948920286353379,994,0.6447590234533882,239,0.5621948903075821,372,0.6230051842748477,0.1471537473235006,0.026800371319578856,4.559110781431e-05,0.17399970975089374,0.004849664000004205,0.01881019065387283,0.18796023640476237,0.009403390440961097,532,0.9877257347106934,0.0,bas1
74500,1490.0,6.4016,0,4940,8192,3252,1.9205984639738745,0.0003887851141647519,0.589668061273542,0.11684768968300312,0.6457444853447227,0.15071275022467814,1478,68,3.342354533152909,0.8578947368421053,0.11871691954452071,-0.19373787223323907,-0.11986907228443278,788,0.5579134804116288,364,0.5549749438906764,729,0.552812350384983,1013,0.5867609279588791,324,0.5953217097270636,1076,0.6449497193375041,257,0.5645348547961462,389,0.622079453615419,0.14609243422334633,0.02789613863653705,4.1805967245894216e-05,0.1740303788271293,0.004882432000004242,0.018812268972167395,0.18796021579929245,0.009052730068807704,538,0.9870368242263794,0.0,bas1
75000,1500.0,6.5832,0,5168,8192,3024,2.000480068349134,0.00038708979650718537,0.5903881841884124,0.11630432781469718,0.6451628481098465,0.1505416569529693,1512,69,3.417989417989418,0.8612616099071208,0.12698754417877584,-0.207368630192335,-0.11710287353178642,818,0.5569951061004531,378,0.5566848816852721,772,0.5546902075332681,1053,0.5876086417935852,332,0.5965180002063154,1140,0.6453701666834062,273,0.5658101096694723,402,0.6215731038976071,0.14497833400476998,0.029035399543141827,4.681799812942336e-05,0.17406055154604122,0.004915200000004279,0.01881490513520243,0.18796025668123936,0.009513846486228876,543,0.9853912591934204,0.0,bas1
75500,1510.0,6.7711,0,5375,8192,2817,2.085634048857173,0.00038802493932226477,0.5906919656354328,0.11577933252351841,0.6443917505962904,0.15041083167893854,1540,74,3.49025974025974,0.8654883720930232,0.13715591399147387,-0.22418142421138126,-0.11428241114059588,845,0.5572017228462287,395,0.5578975219515305,795,0.5536598675280997,1090,0.587682550079232,339,0.5973060990856812,1208,0.6457432033062376,287,0.5655267431760914,416,0.6206250758841634,0.14380143830759923,0.030248223088619006,4.159108705656467e-05,0.17409125248327478,0.0049479680000043165,0.018817056110447282,0.18796034059371775,0.008943732097206553,543,0.9846263527870178,0.0,bas1
76000,1520.0,6.9644,0,5607,8192,2585,2.1719745292066364,0.0003873683840211586,0.5912512147439362,0.11549780354709704,0.6445551573252197,0.14991346280636755,1584,77,3.539772727272727,0.8669520242553951,0.15267000435113692,-0.23882869753033947,-0.1179683375221396,874,0.5575028199625779,407,0.5565617940496168,821,0.5542666088431238,1125,0.5876574411657122,354,0.5968548010634838,1292,0.6467859317136254,301,0.5627205257993996,433,0.6209862296906135,0.1425861376709682,0.0314819100593019,5.298861916765448e-05,0.17412103634943776,0.004980736000004354,0.018820082403232397,0.1879603827526658,0.010032582443538067,548,0.9836752414703369,0.0,bas1
76500,1530.0,7.1645,0,5858,8192,2334,2.260619517914165,0.0003859029562844256,0.5918287461621642,0.11516442745900922,0.644334659809625,0.14941555808172372,1628,82,3.598280098280098,0.8690679412768864,0.16281041169493526,-0.24446312434820058,-0.12040729877074223,921,0.558503787855372,422,0.5568385114319516,852,0.5546147505722135,1170,0.5879946401995472,363,0.5971606265414845,1365,0.6471443700703072,314,0.5626477850660397,451,0.6214782283073519,0.14132891172840772,0.032741181479030185,7.920039261432835e-05,0.17414929360005224,0.005013504000004391,0.018824704885619027,0.18796049448566687,0.012149448966625578,554,0.9853945374488831,0.0,bas1
77000,1540.0,7.3716,0,6122,8192,2070,2.3554308313359797,0.00038474858401437107,0.5926251857547891,0.11452570086208419,0.6445682677216719,0.14874979189798593,1665,85,3.676876876876877,0.8743874550800392,0.17193258046637908,-0.23963881322999778,-0.12746485476054095,956,0.5587380345147025,434,0.5563585666192842,882,0.5545944897225654,1222,0.5893688076305311,376,0.5978005907319962,1455,0.6482121324825942,334,0.5617237141924704,463,0.6210362635086216,0.14002092301781435,0.034091353251934235,6.527474701902091e-05,0.17417755101676763,0.005046272000004428,0.018829196672716833,0.18796047568948004,0.01142295538975524,553,0.9838752150535583,0.0,bas1
77500,1550.0,7.5871,0,6388,8192,1804,2.4534413386063534,0.0003840703410467053,0.5929236772400779,0.11435786403527759,0.6442759921290238,0.14852714375354722,1699,88,3.75985874043555,0.8799311208515967,0.17253502242754568,-0.23101680138367547,-0.13194719630648927,992,0.5583803371316002,458,0.5569705613705789,912,0.5538762351334617,1269,0.5902179987811967,380,0.5969541895546411,1545,0.648057148024488,351,0.5612326144662678,481,0.6224227408857207,0.13864141750694448,0.03550014129168544,6.531568488435846e-05,0.17420687448351427,0.005079040000004465,0.018832795952483158,0.18796063043599295,0.011954774120050159,555,0.9839863777160645,0.0,bas1
78000,1560.0,7.8097,0,6664,8192,1528,2.551823704070557,0.000382926726301104,0.593586108295106,0.1140857985774953,0.6438408366047821,0.1485340778001322,1740,92,3.829885057471264,0.882953181272509,0.1729410775187179,-0.20553889264015904,-0.1368844538269567,1031,0.558067950921424,474,0.5586598868234248,938,0.5538959894925038,1323,0.5914748184670127,401,0.5960975860122434,1639,0.6485100391799898,362,0.5607492700630788,496,0.6219254777796807,0.1372415138053726,0.03690597935949086,8.788245393781905e-05,0.17423537561880129,0.005111808000004502,0.018837266004721923,0.1879608336235187,0.013511086430347184,564,0.978252649307251,0.0,bas1
78500,1570.0,8.0403,0,6955,8192,1237,2.651257390858518,0.00038120163779417946,0.5941666134992664,0.11372974551583419,0.6434517017420379,0.14831555116717396,1777,96,3.9138998311761397,0.8859813084112149,0.16888498221468878,-0.17426733328903718,-0.144016133662267,1059,0.5585086969016744,492,0.5586617664108432,970,0.5533516732073321,1380,0.5918247358306594,416,0.5950196767942264,1741,0.6485586767221305,383,0.5645334908918674,514,0.6220857404781223,0.13582994609302051,0.03833416539932163,9.819951987194856e-05,0.1742623110122141,0.0051445760000045394,0.018843160810884645,0.1879608958230942,0.015109837222606766,574,0.9760410189628601,0.0,bas1
79000,1580.0,8.2804,0,7263,8192,929,2.7530483895207,0.000379051134451425,0.5939245707820011,0.11317325715809617,0.642830232032383,0.1481363184541181,1803,97,4.02828618968386,0.8932947817706182,0.16479777713477867,-0.15144442585017356,-0.14783556198764394,1114,0.5587785196636053,510,0.5575443148028617,1006,0.5532982687115906,1435,0.5919193484226586,433,0.5947777860847412,1832,0.6483459191551375,409,0.5615522701174822,524,0.6218350745794428,0.13441048955470633,0.03979191861059361,8.73928875604447e-05,0.17428980105286038,0.005177344000004577,0.018848539717604057,0.18796099677045985,0.014936306876340004,580,0.9806737303733826,0.0,bas1
79500,1590.0,8.5285,0,7591,8192,601,2.8520174208715616,0.0003757103702900226,0.5943361531171132,0.11302292639729182,0.6421695726534357,0.14820859638321843,1841,102,4.1233025529603475,0.8967197997628771,0.16471362146477422,-0.13720534771943935,-0.14992934867441843,1161,0.5585447844249436,535,0.5583855279695208,1036,0.5530103395286674,1493,0.5934969264232944,448,0.5958717817972813,1945,0.6484829689972198,432,0.5596693116067736,541,0.6198933228657558,0.13300560806030548,0.04120413031371267,0.00010735844433137689,0.17431709681834953,0.005210112000004614,0.018854095649777143,0.18796108046812207,0.017002322354230118,594,0.9755910634994507,0.0,bas1
80000,1600.0,8.7864,0,7926,8192,266,2.9547902162594255,0.00037279715067618286,0.5950152899862208,0.11299724555014953,0.6413947841960495,0.1482718609290682,1878,104,4.220447284345048,0.8993186979560939,0.16180193559152245,-0.11525849135669156,-0.1515685908994406,1203,0.558833992193861,553,0.5581903855904101,1059,0.5531341802184597,1579,0.5938948731470742,463,0.5952813917565809,2052,0.6486392826945694,456,0.5604923317176208,561,0.6228126832508148,0.13158656541110975,0.04266445681480813,9.321863866843067e-05,0.1743442408645863,0.005242880000004651,0.01885993889544202,0.18796129976002368,0.016631581476255423,594,0.977699875831604,0.0,bas1
80500,1610.0,9.0527,0,8252,16384,8132,3.057087836412393,0.00037046629137329047,0.5955921517223683,0.11285594478121228,0.6412342039383389,0.14823812022012764,1917,109,4.304642670839854,0.9019631604459525,0.16303306992081604,-0.09541904554680146,-0.15577708566080398,1231,0.5587995444295079,567,0.5572093541239515,1086,0.553079247529555,1652,0.5939903369322239,477,0.5963443137814664,2173,0.6487724625235924,479,0.5598418231672434,587,0.6246803433870741,0.13015220839555192,0.044116911529121686,0.00010267627176932314,0.17437179619644294,0.005275648000004688,0.018865273479368585,0.18796142167580684,0.017463453853901176,595,0.9762120842933655,0.0,bas1
81000,1620.0,9.3268,0,8600,16384,7784,3.159481406237319,0.00036738155886480454,0.595669916143944,0.11292055068383999,0.640896535002908,0.1482304804865518,1951,111,4.407995899538698,0.9052325581395348,0.1703111849129954,-0.08206499618301796,-0.15805718266014723,1275,0.55878974776642,585,0.55718827818194,1126,0.5539720585142952,1725,0.592920095903286,495,0.5961283224399644,2289,0.649070147865982,506,0.5601975268761631,599,0.6235800796438736,0.1287148678049866,0.045572344834513306,0.00011076686154869284,0.1743979795010486,0.005308416000004725,0.01887182693905367,0.18796139044009755,0.01853608530946533,598,0.9788030385971069,0.0,bas1
81500,1630.0,9.61,0,8946,16384,7438,3.2655927703453926,0.0003650338442147767,0.5960510114135823,0.11284741203046307,0.6399983434656603,0.14827242978818161,1993,116,4.488710486703462,0.9069975408003577,0.17639687750519528,-0.07004506392331933,-0.15698350088390317,1303,0.5592616546044237,616,0.5580953225106388,1161,0.5538380919192805,1804,0.5932250204940064,514,0.5956551882543453,2411,0.6490649900116005,522,0.5607060611933127,615,0.6224922116694411,0.12723757588619633,0.0470823944718436,0.0001041633811775858,0.1744241337392175,0.005341184000004762,0.01887842666220382,0.18796137640141655,0.01862318506143647,606,0.9780716300010681,0.0,bas1
82000,1640.0,9.9032,0,9338,16384,7046,3.3746415167297528,0.00036138803991537296,0.596490718888685,0.1129916487369124,0.6394091597823061,0.14816204085334148,2049,118,4.55734504636408,0.9084386378239452,0.18552904541349446,-0.05899427674918992,-0.15805215141157206,1339,0.5590304547365785,643,0.5606293947570616,1203,0.5532234327454222,1881,0.5927732831648472,527,0.5957054368006437,2557,0.6498162135114696,548,0.5616010685254188,640,0.6206176708452403,0.12571624448582647,0.048643603762280545,9.19812122428475e-05,0.17445182946034987,0.0053739520000047995,0.018883387365573198,0.18796126482591827,0.01817301696119665,619,0.9790681004524231,0.0,bas1
82500,1650.0,10.2066,0,9721,16384,6663,3.4795567058754386,0.00035794225963125593,0.5968574216650072,0.11303275572302962,0.6385616824320591,0.1482564582625834,2097,122,4.635670004768717,0.9097829441415493,0.18811549564262398,-0.0466401268417166,-0.1558018377821181,1375,0.5595414851578799,660,0.5607371069265135,1243,0.5530881473879995,1970,0.5938516820293998,551,0.5959644806579756,2689,0.6497737772072856,574,0.5591920786099152,659,0.620067092057244,0.12418706211150199,0.05014564309779023,0.00014549246525303336,0.17447819767454525,0.005406720000004837,0.018889779446151323,0.18796125712069173,0.022694481535049937,632,0.9767289757728577,0.0,bas1
83000,1660.0,10.5193,0,10078,16384,6306,3.5858437405295263,0.00035580906335875434,0.5970946599783512,0.11296328561545405,0.6378355030799153,0.14855228097917028,2145,122,4.698368298368298,0.9103988886683866,0.1872737483653332,-0.03970798542163956,-0.15548016733128922,1417,0.5591959349059183,682,0.5616393983364105,1275,0.5531283245600906,2042,0.5937341303071125,570,0.5966700231296974,2823,0.6497665719596621,594,0.5580823874533779,675,0.6200943436446014,0.12267015711805032,0.05166132530332239,0.0001700534054996329,0.17450153582687233,0.005439488000004874,0.01889925005143626,0.18796129787830373,0.02559554779876637,645,0.9749649167060852,0.0,bas1
